사건번호,판결일자,주제,판결 미리보기
울산지방법원2019구합8178,2021.01.14,사회적기업인증취소처분 및 제재부가금부…,사전통지 및 의견청취 절차없이 사회적기업 인증을 취소한 것은 위법하다고 한 사�m
대법원2020두48017,2021.01.14,부당전보구제 재심판정 취소,1. 근로관계에서 징계의 일반적 의미2. 사용자가 근로자에게 한 불이익 처분이 징계절차를 밟아야 하는 징계의 일종에 해당함에도 그러한 징계절차를 거치지 않은 경우 그 처분의 효력(=무효)
대법원2020다207444,2021.01.14,임금,1. 「근로자퇴직급여 보장법」이 정한 확정기여형 퇴직연금제도 하에서의 정당한 퇴직급여 산정 방식2. 확정기여형 퇴직연금제도에 가입한 퇴직근로자가 사용자에게 퇴직금 제도에 따라 계산한 추가 퇴직금의 지급을 청구할 수 있는지 여부(소극)
서울동부지방법원2018가단132951,2020.12.24,손해배상(기),"피고는 망인이 신입 간호사로서 실제 임상경험이 없었음에도 11주간의 프리셉터 기간이 경과하자 중환자실에서 2명에서 3명의 환자를 담당하도록 함으로써 기본간호·투약·의료기기, 시술 및 처치 간호 등의 일련의 실습 항목을 제대로 습득하지 못한 상태에서 업무를 적절하게 처리하지 못하고 실패감에 빠지게 했고, 과중한 업무량으로 인한 압박감과 피로가 더해져 망인이 비정상으로 자괴감이 누적돼 자살에 이르렀다 할 것이다. 즉 피고는 망인에게 감당하기 어려운 과중한 업무를 부여하고 그 업무 부담을 개선하기 위한 관리·감독을 하지 않아 망인이 극심한 업무상 스트레스에서 비롯된 우울증세로 인해 정상적인 인식능력이나 행위 선택능력 또는 정신적 억제력이 현저히 저하된 상태에서 자살에 이르렀고, 피고는 이를 예측할 수 있었다고 할 것이므로, 결국 피고는 망인에 대한 보호의무를 위반한 과실이 있어 망인 및 원고에게 이 사건 사고로 인한 손해를 배상할 책임이 있다.망인의 경우 자살 직전 약 10킬로그램 상당의 체중감소가 있었고, 자신감 저하 등 불안한 상태를 보였으며, 망인의 동료들이 망인이 2017년 12월께부터 출근하기 전에 심장이 쿵쾅쿵쾅 뛴다며 불안해 하는 모습을 많이 봤고, 밤에 잠을 잘 자지 못했으며, 위축되고 불안한 증세를 보였다고 진술하는 등 주변 사람들이 망인의 이상 징후를 알 수 있는 정황들이 존재했던 이상 피고 병원으로서는 망인이 업무를 정상적으로 할 수 있는 상태인지를 확인하고 업무 분담을 조정하는 등의 조치를 취했어야 했던 것으로 보인다."
대법원2020두39297,2020.12.24,유족급여및장의비부지급처분취소,"1. 「뇌혈관 질병 또는 심장 질병 및 근골격계 질병의 업무상 질병 인정 여부 결정에 필요한 사항」은 대외적으로 국민과 법원을 구속하는 효력이 있는지 여부(소극) 및 근로복지공단이 처분 당시에 시행된 ‘개정 전 고시’를 적용하여 불승인처분을 한 경우라고 하더라도 해당 불승인처분에 대한 항고소송에서 법원은 ‘개정 전 고시’를 적용할 의무는 없고, 해당 불승인처분이 있은 후 개정된 고시의 규정 내용과 개정 취지를 참작하여 상당인과관계의 존부를 판단할 수 있는지 여부(적극) 2. 주·야간 교대 근무가 질병의 발병·악화에 부정적인 영향을 미칠 수 있는지 여부(적극) 및 주·야간 교대 근무의 일정 및 주기가 불규칙적인 경우 부정적 영향이 더욱 클 것임을 추단할 수 있는지 여부(적극)"
대법원2019다293098,2020.12.24,해고무효확인,"피고가 보조금을 수령하면 원고에게 월 250만 원의 임금을 추가로 지급하겠다고 약정한 사안에서, ‘보조금 수령’이라는 부관은 조건이 아니라 불확정기한에 해당하는데, 판시와 같은 여러 사정을 종합하면 그 불확정기한은 근로기준법 제43조의 입법 취지에 반하여 허용될 수 없으므로, ‘피고의 보조금 수령’이라는 불확정기한은 무효이고, 나머지 월 250만 원의 임금지급약정은 유효하다는 이유로 원심을 파기환송한 사례"
대법원2017다51603,2020.12.24,손해배상(기),"산업별 노동조합인 원고의 피고 회사 지회가 조직형태 변경결의를 통하여 기업별 노조로 조직변경을 하는 과정에서 피고 회사가 피고 노무법인의 자문을 받아 지회의 운영에 지배·개입하는 부당노동행위를 하였는데, 원심은 피고들의 부당노동행위가 조직형태 변경결의의 계기가 되고 이를 용이하게 하였으므로, 위 조직형태 변경결의의 효력 자체를 무효로 보기는 어렵다고 하더라도 피고들의 불법행위와 단결권을 침해당한 원고의 손해 사이에 인과관계가 부정되지 않으므로, 피고들은 공동불법행위자로서 불법행위로 인한 원고의 비재산적 손해에 대한 위자료 배상책임을 부담한다고 보았고, 대법원은 원심의 판단을 수긍하여 상고기각한 사안."
대법원2020도7981,2020.12.24,강제추행,"회사 대표인 피고인(남, 52세)이 직원인 피해자(여, 26세)를 포함하여 거래처 사람들과 함께 회식을 하던 중 피고인의 왼팔로 피해자의 머리를 감싸고 피고인의 가슴 쪽으로 끌어당기는 일명 ‘헤드락’ 행위를 하고 손가락이 피해자의 두피에 닿도록 피해자의 머리카락을 잡고 흔드는 등 피해자를 강제로 추행하였다고 기소된 사안에서, ① 기습추행에서 공개된 장소라는 점이 추행 여부 판단의 중요한 고려요소가 될 수 없고, ② 그 접촉부위 및 방법에 비추어 객관적으로 일반인에게 성적 수치심을 일으키게 할 수 있는 행위이며, ③ 피고인의 행위 전후의 언동에 비추어 성적 의도를 가지고 한 행위로 보이고, ④ 피해자의 피해감정은 사회통념상 인정되는 성적 수치심에 해당하며, ⑤ 동석했던 사람이 피고인의 행위를 말린 것으로 보아 제3자에게도 선량한 성적 도덕관념에 반하는 행위로 인식되었다고 보이므로, 피고인의 행위는 강제추행죄의 추행에 해당하고, 추행의 고의도 인정된다고 하여 이와 달리 본 원심판결을 파기환송 한 사례. "
헌법재판소2019헌바82,2020.12.23,본문을 읽어보삼,노래연습장에서 주류를 판매ㆍ제공하는 행위를 금지하고 이를 위반한 경우 형사처벌 하도록 하는 ‘음악산업진흥에 관한 법률’ 제22조 제1항 제3호(이하 ‘심판대상 의무조항이라 한다) 및 제34조 제3항 제2호 중 ‘제22조 제1항 제3호의 규정을 위반하여 주류를 판매ㆍ제공한 노래연습장업자’ 부분(이하 ‘심판대상 처벌조항’이라 한다)이 직업수행의 자유를 침해하고 책임과 형벌간의 비례원칙에 위반되는지 여부(소극
헌법재판소2019헌바41,2020.12.23,본문을 읽어보삼,"부동산을 사실상 양수한 사람 또는 그 대리인이 등기원인을 증명하는 서면 없이 보증서를 바탕으로 발급받은 확인서로써 단독으로 소유권이전등기를 신청할 수 있도록 한 구 ‘부동산소유권 이전등기 등에 관한 특별조치법’(이하 ‘소유권특조법’이라 한다) 제7조 제1항, 제2항(이하 위 두 조항을 합하여 ‘심판대상조항’이라 한다)이 청구인의 재산권을 침해하는지 여부(소극"
헌법재판소2019헌마502,2020.12.23,본문을 읽어보삼,교육공무원법 제10조의4 제3호 중 벌금 100만 원 이상의 형을 선고받아 그 형이 확정된 사람은 고등교육법 제2조가 규정하는 학교의 교원에 임용될 수 없도록 한 부분(이하 ‘심판대상조항’이라 한다)이 청구인의 공무담임권을 침해하는지 여부(소극
헌법재판소2018헌바222,2020.12.23,본문을 읽어보삼,가. 구 개인정보 보호법 제2조 제2호 중 ‘보유’ 부분에 대하여 재판의 전제성이 인정되는지 여부(소극)나. 개인정보 보호법 제59조 제2호와 구 개인정보 보호법 제71조 제5호 중 제59조 제2호 관련 부분(이하 위 조항들을 합하여 ‘심판대상조항’이라 한다)이 죄형법정주의의 명확성원칙에 위반되는지 여부(소극)다. 심판대상조항이 평등원칙에 위반되는지 여부(소극)
헌법재판소2017헌마416,2020.12.23,본문을 읽어보삼,"가. 비법인사단이 폐업한 경우 심판절차가 종료되는지 여부(적극)나. 피청구인 대통령의 지시로 피청구인 대통령 비서실장, 정무수석비서관, 교육문화수석비서관, 문화체육관광부장관이 야당 소속 후보를 지지하였거나 정부에 비판적 활동을 한 문화예술인이나 단체를 정부의 문화예술 지원사업에서 배제할 목적으로 개인의 정치적 견해에 관한 정보를 수집ㆍ보유ㆍ이용한 행위(이하 ‘이 사건 정보수집 등 행위’라 한다)가 법률유보원칙을 위반하여 개인정보자기결정권을 침해하는지 여부(적극)다. 이 사건 정보수집 등 행위가 과잉금지원칙을 위반하여 청구인들의 개인정보자기결정권을 침해하는지 여부(적극)라. 피청구인 대통령의 지시로 피청구인 대통령 비서실장, 정무수석비서관, 교육문화수석비서관, 문화체육관광부장관이 야당 소속 후보를 지지하였거나 정부에 비판적 활동을 한 문화예술인이나 단체를 정부의 문화예술 지원사업에서 배제할 목적으로, 한국문화예술위원회, 영화진흥위원회, 한국출판문화산업진흥원 소속 직원들로 하여금 특정 개인이나 단체를 문화예술인 지원사업에서 배제하도록 한 일련의 지시 행위(이하 ‘이 사건 지원배제 지시’라 한다)가 법률유보원칙을 위반하여 표현의 자유를 침해하는지 여부(적극)마. 이 사건 지원배제지시가 과잉금지원칙을 위반하여 청구인들의 표현의 자유를 침해하는지 여부(적극)바. 이 사건 지원배제지시가 청구인들의 평등권을 침해하는지 여부(적극"
헌법재판소2019헌바484,2020.12.23,본문을 읽어보삼,"당해 사건이 고의 또는 과실에 의한 위법행위를 이유로 손해배상을 구하는 민사소송인 경우, 행위의 근거가 된 구 지적법 제34조(이하 ‘심판대상조항’이라 한다)가 재판의 전제성이 있는지 여부(소극"
헌법재판소2019헌바353,2020.12.23,본문을 읽어보삼,가. 사법보좌관에게 민사소송법에 따른 독촉절차에서의 법원의 사무를 처리할 수 있도록 규정한 법원조직법 제54조 제2항 제1호 중 ‘민사소송법에 따른 독촉절차에서의 법원의 사무’에 관한 부분(이하 ‘이 사건 법원조직법 조항’이라 한다)이 법관에 의한 재판받을 권리를 침해하는지 여부(소극)나. 사법보좌관의 지급명령에 대한 이의신청 기간을 2주 이내로 규정한 민사소송법 제470조 제1항 중 ‘사법보좌관의 지급명령’에 관한 부분(이하 ‘이 사건 민사소송법 조항’이라 한다)이 재판청구권을 침해하는지 여부(소극
헌법재판소2018헌바458,2020.12.23,본문을 읽어보삼,가. 측량업의 등록을 한 측량업자가 등록기준에 미달하게 된 경우 측량업의 등록을 필요적으로 취소하도록 규정한 구 ‘측량ㆍ수로조사 및 지적에 관한 법률’(이하 ‘구 측량수로지적법’이라 한다) 제52조 제1항 단서 제4호 본문(이하 ‘심판대상조항’이라 한다)이 과잉금지원칙에 위배되는지 여부(소극)나. 심판대상조항이 등록기준에 미달하게 된 경우를 측량업 등록의 필요적 취소사유로 규정함으로써 구 측량수로지적법상 임의적 취소사유와 달리 취급하거나 다른 필요적 취소사유와 같게 취급하는 것이 평등원칙에 위배되는지 여부(소극
헌법재판소2020헌마892,2020.12.23,본문을 읽어보삼,청구인에 대하여 재물손괴 및 절도의 혐의를 인정한 기소유예처분이 청구인의 평등권과 행복추구권을 침해하였다고 본 사
헌법재판소2019헌바25,2020.12.23,본문을 읽어보삼,가. 악취관리지역 지정요건을 정한 구 악취방지법 제6조 제1항 제1호(이하 ‘심판대상조항’이라 한다) 중 ‘악취와 관련된 민원이 1년 이상 지속되고’ 부분이 명확성원칙에 위반되는지 여부(소극)나. 심판대상조항이 과잉금지원칙에 위반되어 악취관리지역 내 악취배출시설 운영자의 직업수행의 자유를 침해하는지 여부(소극
헌법재판소2019헌바129,2020.12.23,본문을 읽어보삼,"가. 임금채권은 3년간 행사하지 아니하면 시효로 소멸한다고 규정한 근로기준법 제49조에 대하여 재판의 전제성이 인정되는지 여부(소극)나. 부당이득반환청구권 등 채권은 이를 행사할 수 있는 때로부터 10년간 행사하지 않으면 소멸시효가 완성된다고 규정한 민법 제162조 제1항, 제166조 제1항(이하 ‘민법상 소멸시효 조항’이라 한다)이 재산권을 침해하는지 여부(소극"
헌법재판소2018헌바439,2020.12.23,본문을 읽어보삼,전자세금계산서를 발급하여야 할 의무가 있는 자가 전자세금계산서를 발급하지 아니하고 세금계산서의 발급시기에 전자세금계산서 외의 세금계산서를 발급한 경우에는 그 공급가액의 1퍼센트를 곱한 금액을 납부세액에 더하거나 환급세액에서 빼도록 한 구 부가가치세법 제60조 제2항 제2호 단서(이하 ‘심판대상조항’이라 한다)가 재산권을 침해하는지 여부(소극
헌법재판소2018헌바382,2020.12.23,본문을 읽어보삼,가. 당해 소송사건에서 원고적격을 갖추지 못한 청구인의 헌법소원심판청구에 재판의 전제성이 인정되는지 여부(소극)나. 선불식 할부거래업자로 하여금 소비자피해보상보험계약 등을 통해 소비자로부터 미리 수령한 선수금을 그 합계액의 100분의 50을 초과하지 아니하는 범위에서 보전하도록 규정한 ‘할부거래에 관한 법률’ 제27조 제2항 및 선불식 할부거래업자가 보전하여야 할 금액을 보전하지 아니하고 영업을 할 경우 시정조치를 명할 수 있도록 규정한 같은 법 제39조 제1항 제2호 중 제34조 제9호에 관한 부분이 선불식 할부거래업자의 직업수행의 자유를 침해하는지 여부(소극
헌법재판소2018헌바230,2020.12.23,본문을 읽어보삼,"금융투자상품의 매매, 그 밖의 거래와 관련하여 중요사항에 관하여 거짓의 기재를 한 문서를 사용하여 재산상 이익을 얻고자 하거나 금융투자상품의 매매, 그 밖의 거래를 할 목적이나 시세의 변동을 도모할 목적으로 위계를 사용하는 등의 행위를 한 자를 징역에 처하는 경우 그 위반행위로 얻은 이익 또는 회피한 손실액의 1배 이상 3배 이하에 해당하는 벌금형을 필요적으로 병과하도록 정하고 있는 구 ‘자본시장과 금융투자업에 관한 법률’ 제443조 제1항 중 ‘그 위반행위로 얻은 이익 또는 회피한 손실액의 1배 이상 3배 이하에 상당하는 벌금에 처한다’ 가운데 ‘제8호 중 제178조 제1항 제2호에 관한 부분, 제9호 부분’ 및 ‘자본시장과 금융투자업에 관한 법률’ 제447조 제1항(이하 ‘심판대상조항’이라 한다)이 책임과 형벌 간의 비례원칙에 위배되는지 여부(소극"
헌법재판소2017헌바463,2020.12.23,본문을 읽어보삼,"가. 구 ‘게임산업진흥에 관한 법률 시행령’ 제16조의2 제1호 나목, 제2호, ‘게임산업진흥에 관한 법률 시행령’ 제16조의2 제1호 가목, 제3호(이하 합하여 ‘이 사건 시행령조항’이라 한다)에 대한 헌법재판소법 제68조 제2항에 의한 헌법소원심판청구가 적법한지 여부(소극)나. 게임물 관련사업자에 대하여 ‘경품 등의 제공을 통한 사행성 조장’을 원칙적으로 금지시키고, 예외적으로 청소년게임제공업의 전체이용가 게임물에 대하여 대통령령이 정하는 경품의 종류ㆍ지급기준ㆍ제공방법 등에 의한 경품제공을 허용한 ‘게임산업진흥에 관한 법률’(이하 ‘게임산업법’이라 한다) 제28조 제3호(이하 ‘이 사건 의무조항’이라 한다)가 죄형법정주의의 명확성원칙에 위배되는지 여부(소극)다. 이 사건 의무조항이 경품제공이 허용되는 경우를 대통령령이 정하도록 위임한 것이 죄형법정주의 내지 포괄위임금지원칙에 위배되는지 여부(소극)라. 이 사건 의무조항 및 그에 대한 처벌규정인 게임산업법 제44조 제1호의2(이하 ‘이 사건 처벌조항’이라 하고, ‘이 사건 의무조항’과 합하여 ‘이 사건 법률조항들’이라 한다)가 게임물 관련사업자인 청구인들의 직업수행의 자유를 침해하는지 여부(소극)"
헌법재판소2017헌바456,2020.12.23,본문을 읽어보삼,모욕죄를 규정하고 있는 형법 제311조(이하 ‘심판대상조항’이라 한다)가 명확성원칙과 과잉금지원칙에 위배되어 표현의 자유를 침해하는지 여부(소극
헌법재판소2017헌가22,2020.12.23,본문을 읽어보삼,가. 65세 미만의 일정한 노인성 질병이 있는 사람의 장애인 활동지원급여 신청자격을 제한하는 ‘장애인활동 지원에 관한 법률’ 제5조 제2호 본문 중 ‘노인장기요양보험법 제2조 제1호에 따른 노인 등’ 가운데 ‘65세 미만의 자로서 치매ㆍ뇌혈관성질환 등 대통령령으로 정하는 노인성 질병을 가진 자’에 관한 부분(이하 ‘심판대상조항’이라 한다)이 평등원칙에 위반되는지 여부(적극)나. 헌법불합치 결정을 선고한 사
대법원2020도11471,2020.12.10,정보통신망이용촉진및정보보호등에관한법…,[1] 정보통신망 이용촉진 및 정보보호 등에 관한 법률 제70조 제2항 명예훼손죄의 구성요건 중 비방할 목적이 있는지와 피고인이 드러낸 사실이 거짓인지가 별개의 구성요건인지 여부(적극) 및 드러낸 사실이 거짓인 경우 비방할 목적이 당연히 인정되는지 여부(소극) / 위 규정에서 정한 모든 구성요건에 대한 증명책임의 소재(=검사) / ‘사람을 비방할 목적’의 의미와 판단 기준 및 ‘공공의 이익’을 위한 것과 의 관계 / 드러낸 사실이 ‘공공의 이익’에 관한 것인지 판단하는 기준
대법원2020도6425,2020.12.10,저작권법위반,[1] 1995. 12. 6. 법률 제5015호로 개정된 저작권법 부칙 제4조 제3항의 규정 취지 및 위 규정에서 허용하는 회복저작물을 원저작물로 하는 2차적저작물 이용행위의 범위
대법원2020도2623,2020.12.10,공직선거법위반,"[1] 증인이 정당한 사유 없이 법정에 출석하지 아니하거나 소환에 응하지 아니하는 경우 또는 증인 소환장이 송달되지 아니한 경우, 법원이 증인의 법정 출석을 강제할 수 있는 조치 내용 / 이는 ‘특정범죄신고자 등 보호법’이 직접 적용되거나 준용되는 사건에 대해서도 마찬가지인지 여부(적극)[2] 형사소송법이 증인의 법정 출석을 강제할 수 있는 권한을 법원에 부여한 취지 / 다른 증거나 증인의 진술에 비추어 굳이 추가 증거조사를 할 필요가 없다는 등 특별한 사정이 없고, 소재탐지나 구인장 발부가 불가능한 것이 아님에도 불구하고, 불출석한 핵심 증인에 대하여 소재탐지나 구인장 발부 없이 증인채택 결정을 취소하는 법원의 조치가 위법한지 여부(적극)"
대법원2019도17879,2020.12.10,위계공무집행방해ㆍ직권남용권리행사방해…,"[1] 지방자치단체장이 승진후보자명부 방식에 의한 5급 공무원 승진임용 절차에서 미리 승진후보자명부상 후보자들 중에서 승진대상자를 실질적으로 결정한 다음그 내용을 인사위원회 간사, 서기 등을 통해 인사위원회 위원들에게 ‘승진대상자 추천’이라는 명목으로 제시하여 인사위원회로 하여금 자신이 특정한 후보자들을 승진대상자로 의결하도록 유도하는 행위가 직권남용권리행사방해죄의 구성요건인 ‘직권의 남용’ 및 ‘의무 없는 일을 하게 한 경우’에 해당하는지 여부(소극)"
대법원2015도19296,2020.12.10,대통령기록물관리에관한법률위반ㆍ공용전…,"[1] 공문서(전자공문서 포함)는 결재권자가 서명 등의 방법으로 결재함으로써 성립하는지 여부(적극) 및 여기서 ‘결재’의 의미와 결재권자의 결재가 있었는지 판단하는 기준[2] 구 대통령기록물 관리에 관한 법률상 대통령기록물은 대통령기록물생산기관이 ‘생산’한 것이어야 하는지 여부(적극) 및 대통령기록물이 공문서(전자공문서 포함)의 성격을 띠는 경우에는 결재권자의 결재가 이루어짐으로써 공문서로 성립된 이후에 비로소 대통령기록물로도 생산되었다고 보아야 하는지 여부(적극)[3] 구 대통령기록물 관리에 관한 법률 제2조에서 규정한 대통령기록물의 ‘보유’가 ‘사실상의 보유’를 의미하는지 여부(적극) 및 등록이나 이관에 이르지 않았더라도 마찬가지인지 여부(적극)[4] 공용전자기록 등 손상죄에서 말하는 ‘공무소에서 사용하는 서류 기타 전자기록’에 공문서로서의 효력이 생기기 이전의 서류, 정식의 접수 및 결재 절차를 거치지 않은 문서, 결재 상신 과정에서 반려된 문서 등이 포함되는지 여부(적극)및 미완성의 문서라도 본죄가 성립하는지 여부(적극)"
대법원2019두58896,2020.12.10,양도소득세부과처분취소,"[1] 부정무신고가산세와 부정과소신고가산세에 관한 구 국세기본법 제47조의2 제2항 및 제47조의3 제2항 제1호 등에 규정된 ‘사기, 그 밖의 부정한 행위’ 또는 ‘부정행위’의 의미 및 납세자가 명의를 위장하여 소득을 얻은 경우, 명의위장 사실만 으로 위 규정들에서 정한 ‘사기, 그 밖의 부정한 행위’ 또는 ‘부정행위’에 해당한다고 볼 수 있는지 여부(원칙적 소극)"
대법원2020두39228,2020.12.10,장해연금지급처분취소청구의소,[1] 요양 중 휴업급여를 지급받은 재해근로자에게 같은 기간의 장해보상연금을 지급하는 경우에도 구 산업재해보상보험법 제56조 제3항에 따라 1일당 장해보상연 금액과 1일당 휴업급여 지급액을 합한 금액이 장해보상연금의 산정에 적용되는 평균임금의 100분의 70을 초과하면 지급될 장해보상연금에서 ‘이미 지급된 휴업급여에 해당하는 금액을 공제’하여야 하는지 여부(적극)
대법원2020다255085,2020.12.10,사해행위취소,"[1] 제1심법원이 피고의 답변서 제출을 간과한 채 민사소송법 제257조 제1항에 따라 무변론판결을 선고한 경우, 항소법원이 제1심판결을 취소하여야 하는지 여부(적극) 및 이때 사건을 환송하지 않고 직접 다시 판결할 수 있는지 여부(적극)"
대법원2020다254846,2020.12.10,보증금반환,"[1] 계약준수 원칙의 예외로서 사정변경을 이유로 계약을 해제하거나 해지할 수 있는 경우[2] 甲이 주택건설사업을 위한 견본주택 건설을 목적으로 임대인 乙과 토지에 관하여 임대차계약을 체결하면서 임대차계약서에 특약사항으로 위 목적을 명시하였는데, 지방자치단체장으로부터 가설건축물 축조신고 반려통보 등을 받고 위 토지에 견본주택을 건축할 수 없게 되자, 甲이 乙을 상대로 임대차계약의 해지 및 임차보증금 반환을 구한 사안에서, 위 임대차계약은 甲의 해지통보로 적법하게 해지되었고, 乙이 甲에게 임대차보증금을 반환할 의무가 있다고 한 사례"
대법원2020다245958,2020.12.10,부당이득금반환등,"[1] 계약당사자로서 지위 승계를 목적으로 하는 계약인수의 효력이 발생하기 위한 요건 / 이러한 계약인수가 이루어지면 계약관계에서 이미 발생한 채권ㆍ채무도 인수인에게 이전되는지 여부(원칙적 적극) 및 이때 개별 채권양도에서 요구되는 대항요건을 별도로 갖추어야 하는지 여부(소극) / 이러한 법리는 상법상 영업양도에 수반된 계약인수에 대해서도 마찬가지로 적용되는지 여부(적극)[2] 甲주식회사가 乙주식회사와 항공권 발권대행 사업 부문에 관한 영업양도 계약을 체결하면서 丙을 포함한 근로자에 대한 사용자로서의 모든 권리의무를 乙회사에 이전하기로 하였고, 이에 따라 乙회사와 丙이 甲회사에서와 동일한 근로조건으로 연봉근로계약서를 작성하였는데, 위 영업양도가 있기 전에 丙이 甲회사의 항공권 구매대행 업무를 담당하면서 甲회사의 고객 등이 송금한 돈을 개인용도로 사용하였고, 이에 乙회사가 甲회사의 丙에 대한 손해배상채권을 승계취득하였다고 주장하며 丙을 상대로 손해배상을 구한 사안에서, 乙회사는 영업양도에 수반된 근로계약 인수의 효과로서 위 손해배상채권을 취득하였다고 볼 여지가 있는데도, 이와 달리 본 원심판단에 법리오해 등의 잘못이 있다고 한 사례"
대법원2020다226490,2020.12.10,소유권이전등기등,"[1] 둘 이상의 대상물건에 대한 감정평가는 개별평가가 원칙인지 여부(적극) 및 예외적으로 일괄평가가 허용되기 위한 요건[2] 甲아파트 재건축정비사업조합의 매도청구권 행사에 따라 감정인이 甲아파트 단지 내 상가에 있는 乙교회 소유 부동산들에 관한 매매대금을 산정하면서 위 부동산들을 일괄하여 감정평가한 사안에서, 乙교회가 위 부동산들을 교회의 부속시설로 이용하고 있다는 등의 사정만으로 위 부동산들이 일체로 거래되거나용도상 불가분의 관계에 있다고 단정하기 어려운데도, 이와 같이 단정하여 위 부동산들을 일괄평가한 감정인의 감정 결과에 잘못이 없다고 본 원심판단에는 법리오해 등의 잘못이 있다고 한 사례"
대법원2020다205455,2020.12.10,손해배상(국),"[1] 헌법재판소가 2018. 8. 30. 선고한 ‘구 민주화운동 관련자 명예회복 및 보상 등에 관한 법률 제18조 제2항의 민주화운동과 관련하여 입은 피해 중 불법행위로인한 정신적 손해에 관한 부분은 헌법에 위반된다.’는 결정이 법원에 대하여 기속력이 있는지 여부(적극) 및 위 일부위헌결정이 선고된 사정이 그 결정 선고 전 헌법소원의 전제가 된 해당 소송사건에서 이미 확정된 판결에 대하여 헌법재판소법 제75조 제7항에서 정한 재심사유가 되는지 여부(적극)[2] 진실ㆍ화해를 위한 과거사정리위원회가 진실ㆍ화해를 위한 과거사정리 기본법 제2조 제1항 제3호, 제4호 사건에 대하여 진실규명결정을 한 경우, 피해자와 유족들의 손해배상청구권에 대한 민법 제766조 제1항의 단기소멸시효의 기산점인 ‘손해 발생 및 가해자를 안 날’(=진실규명결정통지서가 송달된 날)[3] 진실ㆍ화해를 위한 과거사정리위원회가 ‘1970년대 유신정권의 경제개발 과정에서 국가기관이 노조의 설립과 활동을 방해하고, 이른바 ‘블랙리스트’를 작성ㆍ관리하면서 甲등 해직된 노동조합 간부 및 조합원의 재취업을 막는 등의 중대한 인권침해 행위가 있었다.’는 취지의 진실규명결정을 하자, 甲등이 국가배상을 구한 사안에서, 진실규명결정통지서가 甲등에게 송달된 때가 불명확하더라도 위 결정일부터 3년 이내에 소가 제기되었으므로 민법 제766조 제1항의 단기소멸시효는 완성되지 않았다고 한 사례"
대법원2020다9244,2020.12.10,자동차소유권이전등록절차인수,"[1] 자동차 양수인이 양도인으로부터 자동차를 인도받고서도 등록명의의 이전을 하지 않는 경우, 양도인이 양수인을 상대로 소유권이전등록의 인수절차 이행을 구할 수 있는지 여부(적극) / 자동차가 전전 양도되었는데 중간생략등록의 합의가 없는 경우, 양도인이 전전 양수인에 대하여 직접 양수인 명의로 소유권이전등록의 인수절차 이행을 구할 수 있는지 여부(소극)"
대법원2019다279962,2020.12.10,자동차보험진료수가지급,"[1] ‘입원환자에 관하여 타 의료기관에 진료를 의뢰한 경우 진료의뢰 의료기관이 자동차보험진료수가를 청구하여야 하고, 진료실시 의료기관은 이를 청구할 수없다.’고 정한 건강보험심사평가원 공고 규정이 진료실시 의료기관이나 보험회사등에 구속력이 있는지 여부(소극)[2] 건강보험심사평가원이 자신의 업무 편의와 효율성을 위하여 일방적으로 만든 내부 규정을 들어 진료실시 의료기관의 자동차보험진료수가 청구에 대한 실체적 심사를 거부하는데도 보험회사 등이 건강보험심사평가원에 업무위탁계약의 이행을 촉구하는 등의 조치를 취하지 않는 경우, 진료실시 의료기관이 직접 보험회사 등에 자동차보험진료수가의 지급을 구할 수 있는지 여부(적극)"
대법원2019다267204,2020.12.10,제3자이의,"[1] 계약의 당사자가 누구인지 확정하는 방법[2] 부가가치세법에 따른 고유번호나 소득세법에 따른 납세번호를 부여받지 않은 비법인 단체의 대표자가 단체를 계약의 당사자로 할 의사를 밝히면서 대표자인 자신의 실명으로 예금계약 등 금융거래계약을 체결하고, 금융기관이 그 사람이 비법인 단체의 대표자인 것과 그의 실명을 확인한 경우, 금융거래계약의 당사자를 비법인 단체라고 보아야 하는지 여부(원칙적 적극)"
대법원2017다256439,2020.12.10,물품대금ㆍ물품대금,"[1] 회생절차개시결정이 있는 때에 금지되는 채무자 회생 및 파산에 관한 법률 제58조 제2항 제2호의 ‘회생담보권에 기한 강제집행 등’에 양도담보권의 실행행위가 포함되는지 여부(적극) 및 채권이 담보 목적으로 양도된 후 채권양도인인 채무자에 대하여 회생절차가 개시된 경우, 채권양수인인 양도담보권자가 제3채무자를 상대로 채권의 지급을 구하는 이행의 소를 제기하는 행위가 회생절차개시결정으로 인해 금지되는 양도담보권의 실행행위에 해당하는지 여부(적극)"
대법원2016다254467,2020.12.10,채권조사확정재판에대한이의ㆍ채권조사확…,"[1] 채무자 회생 및 파산에 관한 법률 제464조에 의한 소송수계를 할 수 있는 경우, 같은 법 제462조 제1항에 의한 파산채권확정의 소를 제기하는 것이 적법한 지 여부(소극) / 채무자 회생 및 파산에 관한 법률 제6조 제1항에 의한 파산선고당시에 종전 회생절차에서 제기되었던 조사확정재판에 대한 이의의 소가 계속 중인 경우, 채권자가 같은 법 제464조에 따라 소송을 수계해야 하는지 여부(적극)및 이때의 수계신청을 상대방도 할 수 있는지 여부(적극)[2] 채무자 회생 및 파산에 관한 법률 제6조 제1항에 의한 파산선고 당시에 계속 중이던 회생채권의 조사확정재판에 대한 이의의 소에서 같은 법 제464조에 의한 수계가 이루어진 후 당사자가 청구취지를 회생채권자표의 확정을 구하는 것에서 파산채권자표의 확정을 구하는 것으로 변경한 경우, 법원이 그에 따라 판단하여야 하는지 여부(원칙적 적극) 및 이때 회생채권자표의 확정을 구하면서 파산채권자표의 확정을 구하는 내용의 청구취지를 추가하는 것이 허용되는지 여부(적극)[3] 채무자 회생 및 파산에 관한 법률 제6조 제1항에 의한 파산이 선고됨에 따라 채권자 또는 상대방이 종전 회생절차에서 제기되었던 이의의 소를 수계하였음에도 이의의 소의 원고가 청구취지를 변경 또는 추가하지 않는 경우, 법원이 취하여야 할 조치[4] 회생계획인가결정에 따른 회생채권자 등의 권리변경의 효력 및 회생절차폐지가 그 효력에 영향을 미치는지 여부(소극)"
수원지방법원2020노4720,2020.12.10,감염병의예방및관리에관한법률위반,"[1] 피고인이 해외에서 입국한 후 제1급감염병인 코로나바이러스감염증 의심자에 해당한다는 이유로 관할 시장으로부터 입국일인 2020. 4. 17.부터 2020. 5. 1. 24:00까지 거주지에 자가격리하도록 조치되었는데, 격리기간 중인 2020. 5. 1. 12:00경부터 20:00경까지 사이에 개인용무를 위해 격리장소를 이탈함으로써 격리조치를 위반하였다고 하여 감염병의 예방 및 관리에 관한 법률 위반으로 기소된 사안에서, 피고인에게 격리조치 위반의 고의가 있었음을 인정하기 어렵다고 한 사례"
대법원2013다31601,2020.12.10,보육수당청구,근로자가 구 영유아보육법(2011. 6. 7. 법률 제10789호로 개정되기 전의 것) 제14조 제1항 단서에 기하여 사업주에게 직접 보육수당을 청구할 수 있는지 여부
서울행정법원2020아13354,2020.12.01,집행정지,"[1] 법무부장관이 검찰총장 甲에 대하여 ‘서울중앙지검장 재직 시 사건관계자인 언론사 사주와 부적절한 만남을 가진 혐의, 대검찰청 수사정보정책관실로 하여금 주요 사건 재판부 판사들의 개인정보 및 성향 자료를 불법수집ㆍ활용하게 한 혐의등’을 이유로 검사징계위원회에 징계청구를 한 뒤 검사징계법 제8조 제2항에 따라 甲총장의 직무 집행 정지를 명하자, 甲총장이 위 직무집행정지처분에 대한 집행정지 신청을 한 사안에서, 위 처분의 집행으로 甲총장에게 생길 회복하기 어려운 손해를 예방하기 위한 긴급한 필요가 있고 달리 집행정지로 공공복리에 중대한 영향을 미칠 우려가 있다고 인정하기 어렵다는 이유로 위 처분의 효력을 정지한사례"
대법원2020도10729,2020.11.26,성폭력범죄의처벌등에관한특례법위반(카메…,"[1] 저장매체에 대한 압수ㆍ수색 과정에서 전자정보가 담긴 저장매체, 하드카피나 이미징(imaging) 등 형태(복제본)를 수사기관 사무실 등으로 옮겨 복제ㆍ탐색ㆍ출력하는 경우, 피압수자나 변호인에게 참여 기회를 보장하고 혐의사실과 무관한 전자정보의 임의적인 복제 등을 막기 위한 적절한 조치를 취하여야 하는지 여부(적극) 및 이러한 조치를 취하지 않은 경우, 압수ㆍ수색의 적법 여부(원칙적 소극)/ 이는 수사기관이 저장매체 또는 복제본에서 혐의사실과 관련된 전자정보만을 복제ㆍ출력한 경우에도 마찬가지인지 여부(적극)[2] 형사소송법 제219조, 제121조에서 규정한 변호인의 참여권이 피압수자의 보호를 위하여 변호인에게 주어진 고유권인지 여부(적극) / 피압수자가 수사기관에 압수ㆍ수색영장의 집행에 참여하지 않는다는 의사를 명시한 경우, 그 변호인에게 는 미리 집행의 일시와 장소를 통지하는 등으로 압수ㆍ수색영장의 집행에 참여할 기회를 별도로 보장하여야 하는지 여부(원칙적 적극)[3] 위법수집증거 배제 원칙을 명시한 형사소송법 제308조의2의 취지 / 적법한절차에 따르지 않고 수집한 증거 및 이를 기초로 하여 획득한 2차적 증거의 증거능력 유무(원칙적 소극) / 위법수집증거 및 이를 기초로 하여 획득한 2차적 증거의 증거능력을 예외적으로 인정할 수 있는 경우와 그 판단 기준"
대법원2014두46485,2020.11.26,경정청구거부처분취소,"[1] 재산을 증여받은 수증자가 사망하여 증여받은 재산을 상속재산으로 한 상속개시가 이루어진 후 사해행위취소 판결에 따라 증여계약이 취소되고 상속재산이 증여자의 책임재산으로 원상회복된 경우, 수증자의 상속인이 국세기본법 제45조의2제2항이 정한 후발적 경정청구를 통하여 상속재산에 대한 상속세 납세의무를 면할 수 있는지 여부(소극)"
대법원2020두42262,2020.11.26,과태료부과처분취소,"[1] 공증인이 직무수행을 하면서 공증인의 감독기관인 법무부장관이 제정한 ‘집행증서 작성사무 지침’을 위반한 경우, 공증인법 제79조 제1호에 근거한 직무상 명령을 위반한 것인지 여부(적극)[2] 공무원이 상급행정기관이나 감독권자의 직무상 명령을 위반하였다는 점을 징계사유로 삼으려면 직무상 명령이 상위법령에 반하지 않는 적법ㆍ유효한 것이어야 하는지 여부(적극)[3] 행정규칙의 내용이 상위법령에 반하는 경우, 당연무효인지 여부(적극) 및 법원이 위 행정규칙에 따라 행정기관이 한 조치의 당부를 판단하는 방법[4] ‘대부업자 등’이 금전대부계약과 관련하여 쌍방대리 형태의 촉탁행위를 할 경우 공증인에게 촉탁을 거절할 의무를 부과하고 있는 ‘집행증서 작성사무 지침’ 제4조가 무효인지 여부(적극)"
대법원2017두70793,2020.11.26,부당해고구제재심판정취소,"[1] 원래의 징계처분이 요건을 갖추었더라도 재심절차를 전혀 이행하지 않거나 재심절차에 중대한 하자가 있어 재심의 효력을 인정할 수 없는 경우, 징계처분이 무효인지 여부(적극)[2] 단체협약이나 취업규칙 또는 이에 근거를 둔 징계규정에서 징계위원회의 구성에 관하여 정하고 있음에도 이와 다르게 구성한 징계위원회의 결의를 거쳐 징계처분을 한 경우, 징계처분의 효력(원칙적 무효)[3] 취업규칙의 성격 및 해석 방법"
대법원2020다253379,2020.11.26,계약금반환,"[1] 손해배상 예정액을 감액하기 위한 요건인 ‘부당성’을 판단하는 기준 및 이때 감액사유에 관한 사실인정이나 감액비율을 정하는 것이 사실심의 전권에 속하는 사항인지 여부(원칙적 적극)[2] 구체적인 계약에서 당사자 사이에 개별적으로 이루어진 합의가 약관의 규제에 관한 법률의 규율대상인 약관에 해당하는지 여부(소극)[3] 甲주식회사가 진행한 공매절차에서 乙주식회사가 부동산을 낙찰받아 위부동산에 관한 매매계약을 체결하였는데, 공매 공고문과 매매계약의 내용에 ‘매매계약 이후에 발생하는 처분금지가처분은 매수인의 책임으로 처리ㆍ해결해야 한다.’는 특약이 포함되어 있었던 경우, 위 공고문과 매매계약이 약관에 해당하는지 문제 된 사안에서, 제반 사정에 비추어 위 특약이 포함된 공매 공고문 등은 약관의 규제에 관한 법률의 규율대상인 약관에 해당하지 않는다고 한 사례"
대법원2020다244511,2020.11.26,구상금,"[1] 의사가 진찰ㆍ치료 등의 의료행위를 할 때 요구되는 주의의무의 정도 및 주의의무의 판단 기준이 되는 ‘의료수준’의 의미와 평가 방법 / 의사가 행한 의료행위가 당시의 의료수준에 비추어 최선을 다한 것으로 인정되는 경우, 의료상의 과실이 인정되는지 여부(소극) / 의사의 질병 진단 결과에 과실이 없다고 인정되는 경우, 그 요법으로서 어떠한 조치를 취하여야 할 것인지 및 합리적인 조치들 중어떠한 것을 선택할 것인지가 의사의 재량 범위 내에 속하는지 여부(적극)[2] 환자에게 발생한 나쁜 결과에 관하여 의료상의 과실 이외의 다른 원인이 있다고 보기 어려운 간접사실들을 증명하는 방법으로 그와 같은 손해가 의료상의 과실에 기한 것이라고 추정할 수 있는지 여부(적극) 및 위와 같은 경우에도 의사에게 무과실의 증명책임을 지울 수 있는지 여부(소극)"
대법원2019다298222,2020.11.26,부당이득금반환등청구ㆍ비용반환등,"[1] 지방세법 제107조 제1항에 따라 재산세 납부의무를 부담하는 ‘재산을 사실상 소유하고 있는 자’의 의미 / 3자간 등기명의신탁의 경우, 명의신탁자가 매매계약을 체결하고 매매대금을 모두 지급하였다면 재산세 과세기준일 당시 소유권이 전등기를 마치기 전이라도 부동산의 실질적 소유자로서 재산세 납부의무를 부담하는지 여부(원칙적 적극)[2] 과세관청이 3자간 등기명의신탁에 따라 해당 부동산의 공부상 소유자가 된 명의수탁자에게 재산세 부과처분을 하여 명의수탁자가 재산세를 납부한 경우, 명의신탁자나 그 상속인을 상대로 재산세 상당액에 대한 부당이득반환청구권을 가지는지 여부(소극) 및 이는 양자간 등기명의신탁 또는 3자간 등기명의신탁의 명의수탁자가 명의신탁된 부동산에 부과된 종합부동산세 또는 위 부동산을 이용한 임대사업으로 인한 임대소득과 관련된 종합소득세, 지방소득세, 부가가치세 등을 납부한 경우에도 마찬가지인지 여부(적극)"
대법원2019다276307,2020.11.26,손해배상(기),"[1] 헌법재판소가 2018. 8. 30. 선고한 ‘민법 제166조 제1항, 제766조 제2항 중 진실ㆍ화해를 위한 과거사정리 기본법 제2조 제1항 제3호(민간인 집단 희생사건), 제4호(중대한 인권침해사건ㆍ조작의혹사건)에 적용되는 부분은 헌법에 위반된다.’ 는 위헌결정의 효력이 위 제3호, 제4호 사건에서 공무원의 위법한 직무집행으로 입은 손해에 대한 배상을 구하는 소송이 위헌결정 당시까지 법원에 계속되어 있는 경우에도 미치는지 여부(적극) 및 위 손해배상청구권에 대하여 민법 제766조제2항이나 국가재정법 제96조 제2항에 따른 소멸시효가 적용되는지 여부(소극)[2] 불법행위로 인한 위자료를 산정할 때 참작하여야 할 요소[3] 불법행위 시와 변론종결 시 사이에 장기간의 세월이 지나 통화가치 등에 상당한 변동이 생긴 경우, 불법행위로 인한 위자료 배상채무의 지연손해금은 위자료 산정의 기준시인 사실심 변론종결일부터 발생한다고 보아야 하는지 여부(적극) 및 이 경우 사실심 변론종결 시의 위자료 원금도 배상이 지연된 사정을 참작하여 산정할 필요가 있는지 여부(적극) / 제1심판결에서 배상이 지연된 사정을 참작하여 제1심 변론종결일을 기준으로 위자료를 산정하였는데 항소심이 이를 그대로 유지한 경우, 위자료 배상채무의 지연손해금은 제1심 변론종결일부터 발생하는지 여부(적극)[4] 헌법재판소가 2018. 8. 30. 선고한 ‘구 민주화운동 관련자 명예회복 및 보상등에 관한 법률 제18조 제2항의 민주화운동과 관련하여 입은 피해 중 불법행위로 인한 정신적 손해에 관한 부분은 헌법에 위반된다.’는 결정이 법원에 대하여 기속력이 있는지 여부(적극) 및 위 위헌결정의 효력이 그 결정 선고 전 구 민주화운동관련자 명예회복 및 보상 등에 관한 법률 제18조 제2항에 관하여 위헌여부심판제청이 이루어진 사건에 미치는지 여부(적극)"
대법원2019다262193,2020.11.26,임금,"[1] 당사자 사이에 계약의 해석을 둘러싸고 이견이 있어 처분문서에 나타난 당사자의 의사해석이 문제 되는 경우, 처분문서를 해석하는 방법 및 단체협약과 같은 처분문서를 해석할 때 명문의 규정을 근로자에게 불리하게 변형 해석할 수 있는지 여부(소극)[2] 단체협약이나 취업규칙에서 근로관계에서의 차별적 처우를 금지하고 있는 경우, ‘차별적 처우’의 의미 및 개별 사안에서 문제가 된 불리한 처우에 합리적인 이유가 있는지 판단하는 방법[3] ‘동일가치의 노동’의 의미 및 이를 판단하는 기준[4] 甲지방자치단체가 설립한 중ㆍ고등학교에서 사무행정, 시설관리 등 업무를 지원하고 학교회계에서 보수를 받아 온 교육공무직 호봉제근로자인 乙등이 지방공무원법에 따라 채용된 일반직 공무원 등과 비교하여 근속승진에 따른 본봉 인상분과 이에 연동되어 증액되는 정근수당 등, 시간외근무수당 정액분, 1, 2월분 본봉 인상분을 지급받지 못하는 것은 호봉제근로자들을 불리하게 처우하는 것으로 단체협약 등에 위반된다고 주장하며 甲지방자치단체를 상대로 위 수당 등의 지급을 구한 사안에서, 甲지방자치단체가 위 수당 등의 지급에 관하여 乙등을 일반직 공무원과 달리 처우한 것에 합리적인 이유가 있고, 동일가치노동 동일임금 원칙을 규정한 단체협약 위반이라고 단정하기도 어렵다고 한 사례"
대법원2019다249831,2020.11.26,손해배상(기),"[1] 임대차 종료 시 구 도시 및 주거환경정비법상 관리처분계획인가ㆍ고시가 이루어진 경우, 구 상가건물 임대차보호법 제10조 제1항 제7호 (다)목에서 정한 계약갱신 거절사유가 있는지 여부(적극) 및 사업시행인가ㆍ고시가 이루어졌다는 사정만으로도 마찬가지인지 여부(원칙적 소극) / 위와 같은 계약갱신 거절사유가 존재한다는 점에 대한 증명책임의 소재(=임대인)"
대법원2019다211324,2020.11.26,근저당권말소,"[1] 구 가맹사업거래의 공정화에 관한 법률 제9조 제1항의 ‘중요사항을 누락한경우’의 의미 및 이 경우 가맹본부가 가맹희망자에게 구 가맹사업거래의 공정화에 관한 법률 제37조 제3항, 독점규제 및 공정거래에 관한 법률 제56조 제1항에 의한 손해배상책임을 부담하는지 여부(적극) / 법률상 제한 내지 장애로 말미암아 가맹희망자가 가맹점을 개설ㆍ운영할 수 없는 사정이 가맹희망자의 의사결정에 중대한 영향을 미치는 사실에 해당하는지 여부(적극)[2] 甲등이 점포를 임차한 후 乙주식회사로부터 위 점포에 관해 가맹점운영권을 부여받아 편의점을 운영하였는데, 지방자치단체로부터 위 점포가 산업집적활성화 및 공장설립에 관한 법률에 따라 일반인을 대상으로 한 편의점으로는 운영될수 없는 곳이라는 이유로 철거 등의 경고를 받은 후 영업을 중단하게 되자, 乙회사를 상대로 ‘가맹점개설에 관한 법률적 문제가 없다고 한 乙회사에 귀책사유가 있다.’고 주장하며 위 계약의 해지를 통보한 사안에서, 가맹계약을 체결하기 위하여 상담하거나 협의하는 과정에서 乙회사가 위와 같은 사정을 고지하지 아니한 행위는 구 가맹사업거래의 공정화에 관한 법률 제9조 제1항에서 정한 중요사항의 누락, 즉 정보제공의무 내지 고지의무 위반에 해당한다고 한 사례"
대법원2019다209611,2020.11.26,부당이득금,"[1] 개별 법령에서 사용하는 용어는 각 법령의 입법 목적과 취지에 따라 개별적으로 해석하여야 한다.[2] 구 택지개발촉진법(2011. 5. 30. 법률 제10764호로 개정되기 전의 것, 이하 같다) 제25조 제1항은 시행자가 택지개발사업의 시행으로 새로이 공공시설(주차장, 운동장 등대통령령이 정하는 시설은 제외한다)을 설치하거나 기존의 공공시설에 대체되는 시설을 설치한 경우 그 귀속에 관하여는 국토의 계획 및 이용에 관한 법률 제65조 및 제99조의 규정을 준용하고, 이 경우 ‘행정청인 시행자’는 이를 이 법에 의한 ‘시행자’로 본다고 규정하고 있다. 그 위임에 따른 택지개발촉진법 시행령 제15조 제1항은 구 택지개발촉진법 제25조 제1항 전단에서 ‘대통령령으로 정하는 시설’이란 공동묘지, 화장시설, 봉안시설을 말한다고 규정하고 있다.[3] 구 국토의 계획 및 이용에 관한 법률(2013. 7. 16. 법률 제11922호로 개정되기 전의 것, 이하 ‘구 국토계획법’이라 한다) 제65조 제1항은 개발행위허가를 받은 자가 행정청인 경우 그가 새로 공공시설을 설치하거나 기존의 공공시설에 대체되는 공공시설을 설치하는 경우에는 ‘국유재산법’과 ‘공유재산 및 물품관리법’에도 불구하고 새로 설치된 공공시설은 그 시설을 관리할 관리청에 무상으로 귀속되고, 종래의 공공시설은 개발사업의 시행자에게 무상으로 귀속된다고 규정하고 있다.[4] 이와 같은 신구 공공시설 무상귀속 제도의 적용 범위를 구체적으로 특정ㆍ제한하기 위하여 구 국토계획법 제2조 제13호는 ‘공공시설’이란 도로ㆍ공원ㆍ철도ㆍ수도, 그 밖에 대통령령으로 정하는 공공용 시설을 말한다고 규정하고, 그 위임에 따른 구 국토의 계획 및 이용에 관한 법률 시행령(2017. 9. 19. 대통령령 제28326호로 개정되기 전의 것, 이하 ‘구 국토계획법 시행령’이라 한다) 제4조는 구 국토계획법 제2조 제13호에서 ‘대통령령으로 정하는 공공용 시설’이란 항만ㆍ공항ㆍ운하ㆍ광장ㆍ녹지ㆍ공공공지ㆍ공동구ㆍ하천ㆍ유수지ㆍ방화설비ㆍ방풍설비ㆍ방수설비ㆍ사방설비ㆍ방조설비ㆍ하수도ㆍ구거(제1호), 행정청이 설치하는 주차장ㆍ운동장ㆍ저수지ㆍ화장장ㆍ공동묘지ㆍ봉안시설(제2조), 유비쿼터스도시의 건설 등에 관한 법률 제2조 제3호 (다)목에 따른 시설(제3호)을 말한다고 규정하고 있다.[5] 이와 같이 택지개발사업의 시행에서 신구 공공시설 무상귀속 제도의 적용 범위를 구체적으로 특정ㆍ제한하기 위하여 둔 관련 규정들의 내용과 체계를 종합하면, 택지개발사업의 시행에서 신구 공공시설 무상귀속 제도가 적용되는 ‘공공시설’이란 구 국토계획법 제2조 제13호, 구 국토계획법 시행령 제4조에서 구체적으로 열거한 공공시설 중에서 구 택지개발촉진법 제25조 제1항, 택지개발촉진법 시행령 제15조 제1항에서 명시적으로 제외하도록 규정하고 있는 주차장, 운동장, 공동묘지, 화장시설, 봉안시설을 제외한 나머지를 의미한다고 보아야 한다. 택지개발사업의 시행으로 새로 설치되는 공공시설이 구 국토계획법 제2조 제6호에서 정한 ‘기반시설’ 또는 구 택지개발촉진법 제2조 제2호에서 정한 ‘공공시설용지’의 적용대상에 해당한다고 하더라도, 구 국토계획법 제2조 제13호, 구 국토계획법 시행령 제4조에서 구체적으로 열거한 공공시설에 해당하지 않는 이상 신구 공공시설 무상귀속 제도가 적용되는 공공시설이라고 볼 수는 없다."
대법원2019다2049,2020.11.26,손해배상(기),"[1] 환송판결 선고 이후 위헌결정으로 환송판결의 기속적 판단의 기초가 된 법률 조항이 효력을 상실함에 따라 환송 후 원심이나 그에 대한 상고심에서 위 법률 조항을 적용할 수 없어 환송판결과 다른 결론에 이른 경우, 환송판결의 기속력에 관한 법원조직법 제8조에 저촉되는지 여부(소극)[2] 소송촉진 등에 관한 특례법 제3조 제2항에서 말하는 ‘채무자가 그 이행의무의 존부 여부나 범위에 관하여 항쟁함이 상당하다고 인정되는 경우’의 의미 / 환송 후 원심이 새로운 사정을 이유로 환송 전 원심판결과 같은 내용의 판결을 선고하였으나 채무자의 주장이 환송판결에서 받아들여진 적이 있을 정도였던 경우, 환송 후 원심판결 선고 전까지는 채무자가 이행의무의 존부 등에 관하여 항쟁하는 것에 타당한 근거가 있었다고 보아야 하는지 여부(적극)"
대법원2018다283315,2020.11.26,자본감소무효확인의소,"[1] 상법 제445조에서 정한 자본금감소 무효의 소를 제기할 수 있는 경우[2] 소수주식의 강제매수제도를 통한 소수주주 축출제도를 회피하기 위하여 탈법적으로 동일한 효과를 갖는 다른 방식을 활용하는 것이 위법한지 여부(적극) 및 주식병합으로 소수주주가 주주의 지위를 상실한 경우, 그 자체로 위법하다고 볼 수 있는지 여부(소극)[3] 甲주식회사가 임시주주총회를 개최하여 1주당 액면가를 5,000원에서 50,000,000원으로 인상하는 10,000:1의 주식병합을 하고, 10,000주에 미치지 못하는 주식을 보유한 주주에게 1주당 액면가 5,000원을 지급하기로 하는 내용의 ‘주식병합 및 자본금감소’를 결의하였고, 이에 따라 乙을 포함하여 10,000주 미만의 주식을 보유한 주주들이 주주의 지위를 상실한 사안에서, 위 주식병합 및 자본금감소가 주주총회의 특별결의 등 상법에서 정한 절차를 거쳤음에도 주주평등의 원칙, 신의성실의 원칙 및 권리남용금지의 원칙에 위배된다고 본 원심판단에 법리오해 등의 위법이 있다고 한 사례"
대법원2018다221676,2020.11.26,손해배상(지),"[1] 불법행위로 인한 손해배상책임을 지우기 위한 요건으로서 위법한 행위와 손해 사이에 상당인과관계가 있는지 판단하는 방법[2] 최초등재제품과 동일성분ㆍ동일제형의 약제가 약제급여목록표에 등재된 경우, 최초등재제품에 대한 약제 상한금액 인하 제도의 취지[3] 甲유한회사가 乙외국법인으로부터 乙법인이 특허권을 보유한 화합물인 ‘올란자핀’에 관한 특허발명의 통상실시권을 부여받아 ‘올란자핀’이 함유된 제품을 독점적으로 수입하여 판매해 왔는데, 丙주식회사가 甲회사 제품의 제네릭 의약품인 丙회사 제품에 관하여 판매예정시기를 위 특허발명의 특허권 존속기간 만료일 이후로 한 요양급여대상 결정신청을 하여 그에 따른 결정 및 고시가 이루어 진 이후 위 특허발명에 관한 乙법인과 丁주식회사 사이의 분쟁에서 그 진보성이 부정되어야 한다는 취지의 원심판결이 선고되자 판매예정시기를 ‘등재 후 즉시’로 하는 판매예정시기 변경신청을 하였고 보건복지부장관의 고시로 甲회사 제품의 상한금액 인하 시행시기가 변경되었는데 그 후 대법원에서 위 특허발명의 진보성이 부정되지 않는다는 취지의 판결이 선고되자, 甲회사가 丙회사를 상대로 甲회사 제품의 상한금액 인하로 인한 손해배상을 구한 사안에서, 丙회사의 행위가 위법하다거나 丙회사의 행위와 甲회사 제품의 상한금액 인하 사이에 상당인과관계가 있다고 볼 수 없다고 한 사례"
대법원2018다217974,2020.11.26,손해배상(의),"[1] 의사의 설명의무의 구체적 내용 및 의료행위에 따르는 후유증이나 부작용 등의 위험 발생 가능성이 희소하다는 사정만으로 의사의 설명의무가 면제될 수 있는지 여부(소극)[2] 甲병원 의료진이 경추 추간판탈출증 등의 기왕증이 있는 乙의 심장질환 치료를 위한 수술을 하기 전에, 마취 및 수술 과정에서 乙의 위와 같은 경추부 질환이 악화되어 경추부 척수병증 또는 사지마비가 발생될 가능성이 있다는 점을 설명하지 않고 乙에게 기관삽관을 이용한 전신마취와 흉부거상 및 두부하강의 자세로 장시간 수술을 하였는데, 수술 결과 乙이 양측 손의 섬세한 기능장애 등의 후유장해를 입은 사안에서, 위와 같이 경추부 척수병증에 따른 사지마비의 후유증이 발생할 위험은 환자인 乙본인에게 구체적으로 설명해 주었어야 할 사항인데도, 이와 달리 본 원심판단에 법리오해의 잘못이 있다고 한 사례"
대법원2017다271995,2020.11.26,보증금,"[1] 계약이행보증계약에서 보증사고가 구체적으로 무엇인지 결정하는 방법[2] 甲주식회사 등 4개 건설사로 구성된 공동수급체와 乙공사 사이에 체결된 공사도급계약에 따라 공동수급체 구성원들이 각자 丙공제조합과 계약이행보증계약을 체결하여 乙공사에 공사이행보증서를 제출하였는데, 도급공사 진행 중 甲회사가 乙공사에 채무자 회생 및 파산에 관한 법률 제119조 제1항을 근거로 도급계약의 해지를 통보하자, 공동수급체의 잔존 구성원들이 乙공사의 승인을 받아甲회사를 공동수급체에서 탈퇴시키고 甲회사의 지분을 잔존 구성원들이 승계하는 내용으로 출자비율을 변경한 다음 乙공사와 출자비율 변경을 반영한 도급계약을 다시 체결하여 공사를 계속하였으나, 결국 공사를 완료하지 못한 사안에서, 甲회사가 도급계약을 해지한 때에 甲회사가 丙조합과 체결한 보증계약의 보증사고가 발생하였고 이후 잔존 구성원들이 도급계약상 의무를 이행하지 않아 乙공사가 丙조합을 상대로 위 보증계약에 따른 보증금의 지급을 청구할 수 있다고 보아야 하는데도, 이와 달리 본 원심판결에 법리오해 등 잘못이 있다고 한 사례"
대법원2017다239984,2020.11.26,임금,"[1] 연장근로에 대한 가산임금 산정방식에 관하여 노사 간에 합의하였으나 노사합의에 따라 계산한 금액이 근로기준법에서 정한 기준에 미치지 못할 경우, 그 부분 노사합의의 효력(무효) 및 이때 무효로 된 부분은 근로기준법이 정하는 기준에 따라야 하는지 여부(적극)[2] 여객자동차 운수사업을 영위하는 甲주식회사 소속 운전기사인 乙등에게 적용되는 단체협약 등에서 임금 산정 시간과 관련하여 주간근무일은 소정근로 8시간과 연장근로 1시간을 포함한 9시간, 연장근무일은 연장근로 5시간의 보장시간을 정하는 한편 보장시간에 미달되거나 초과되는 근로시간은 일 단위로 계산하지 않고 월 단위로 상계하기로 하는 ‘월 단위 상계약정’을 둔 사안에서, 실제 연장근로시간 중 소정근로시간과 중첩되어 상쇄되는 부분에 대해서는 통상시급에 해당하는 금액만이 임금으로 산정되어 근로기준법 제56조 제1항이 정한 기준에 미달하게 되므로, 그 한도에서 위 상계약정은 근로기준법에 위반되어 무효라고 한 사례"
대법원2016다13437,2020.11.26,우선재고용의무위반등,"[1] 사용자가 근로기준법 제24조에 따라 근로자를 해고한 날부터 3년 이내의 기간 중에 해고 근로자가 해고 당시에 담당하였던 업무와 같은 업무를 할 근로자를 채용하려고 하는 경우, 해고 근로자를 우선 재고용할 의무가 있는지 여부(원칙적 적극) 및 이때 사용자가 해고 근로자에게 고용계약을 체결할 의사가 있는지 확인하지 않은 채 제3자를 채용한 경우, 근로기준법 제25조 제1항에서 정한 우선 재고용의무를 위반한 것인지 여부(원칙적 적극)[2] 甲이 乙재단법인이 운영하는 장애인 복지시설에서 생활부업무 담당 생활재활교사로 근무하다가 경영상 이유에 의하여 해고된 후 3년 이내의 기간 중에 乙법인이 여러 차례 생활재활교사를 채용하면서 甲에게 채용 사실을 고지하거나 고용계약을 체결할 의사가 있는지 확인하지 아니하였는데, 乙법인이 근로기준법 제25조 제1항에서 정한 우선 재고용의무를 위반한 시점이 문제 된 사안에서, 늦어도 甲이 해고 당시 담당하였던 생활부업무 담당 생활재활교사 업무에 근로자를 2명째 채용한 무렵에는 乙법인의 우선 재고용의무가 발생하였다고 한 사례[3] 사용자가 근로기준법 제25조 제1항에서 정한 우선 재고용의무를 이행하지 아니하는 경우, 해고 근로자가 사용자를 상대로 고용의 의사표시를 갈음하는 판결을 구할 사법상의 권리가 있는지 여부(적극) 및 판결이 확정되면 사용자와 해고근로자 사이에 고용관계가 성립하는지 여부(적극) / 이때 해고 근로자가 사용자의 우선 재고용의무 불이행에 대하여 우선 재고용의무가 발생한 때부터 고용관계가 성립할 때까지의 임금 상당 손해배상금을 청구할 수 있는지 여부(적극)[4] 사용자의 고용의무 불이행을 이유로 고용의무를 이행하였다면 받을 수 있었던 임금 상당액을 손해배상으로 청구하는 경우, 근로자가 다른 직장에 근로를 제공함으로써 얻은 이익이 사용자의 고용의무 불이행과 사이에 상당인과관계가 인정된다면 이를 손해배상액을 산정할 때 공제하여야 하는지 여부(적극) / 이때 근로기준법 제46조가 정한 휴업수당에 관한 규정을 적용할 수 있는지 여부(소극)"
의정부지방법원2018노818,2020.11.26,병역법위반,"[1] 현역병입영 대상자인 피고인이 기독교 신앙과 비폭력주의, 반전주의 등 종교적ㆍ정치적 신념을 기초로 한 양심을 이유로 병역을 거부하면서 지방병무청장 명의의 현역입영 통지서를 전달받고도 입영일부터 3일이 경과한 날까지 입영하지 아니하여 병역법 위반으로 기소된 사안에서, 제반 사정을 종합하면 피고인의 신앙과 신념이 피고인의 내면 깊이 자리 잡혀 분명한 실체를 이루고 있고 이를 타협적이거나 전략적이라고 보기 어려워 피고인은 진정한 양심에 따른 병역거부를 하고 있으므로 병역법 제88조 제1항의 ‘정당한 사유’가 인정된다는 이유로 무죄를 선고한 사례"
헌법재판소2019헌바131,2020.11.26,본문을 읽어보삼,공익사업을 위한 토지 등의 취득 및 보상에 관한 법률 제91조 제1항 위헌소원
헌법재판소2018헌바379,2020.11.26,본문을 읽어보삼,구 소득세법 제104조의3 제1항 제1호 가목 단서 위헌소원
헌법재판소2019헌바12,2020.11.26,본문을 읽어보삼,구 조세범 처벌법 제4조 제4항 위헌소원
헌법재판소2018헌마260,2020.11.26,본문을 읽어보삼,공직선거법 제60조의2 제1항 제4호 위헌확인
헌법재판소2017헌마1156,2020.11.26,본문을 읽어보삼,기소유예처분취소
헌법재판소2016헌마738,2020.11.26,본문을 읽어보삼,전기통신사업법 제32조의7 등 위헌확인
헌법재판소2018헌마733,2020.11.26,본문을 읽어보삼,변호사시험법 제7조 제1항 위헌확인
헌법재판소2018헌바407,2020.11.26,본문을 읽어보삼,도시 및 주거환경정비법 제39조 등 위헌소원
헌법재판소2017헌바350,2020.11.26,본문을 읽어보삼,도시 및 주거환경정비법 제47조 제1항 제1호 등 위헌소원
헌법재판소2016헌마275,2020.11.26,본문을 읽어보삼,정보통신망 이용촉진 및 정보보호 등에 관한 법률 제44조의2 위헌확인
헌법재판소2014헌마1175,2020.11.26,본문을 읽어보삼,재판취소
울산지방법원2020가소205038,2020.11.25,손해배상(기),근로계약서상 퇴사 2개월 전에 통보하기로 한 조항은 손해배상을 빌미로 근로를 강제하는 것이어서 위법
서울고등법원2020나2007284,2020.11.24,특례합의무효확인,"단체협약은 노조가 사용자 또는 사용자단체와 근로조건 기타 노사관계에서 발생하는 사항에 관한 합의를 문서로 작성해 당사자 쌍방이 서명·날인함으로써 성립하는 것이고 그 합의가 반드시 정식의 단체교섭 절차를 거쳐서 이뤄져야만 하는 것은 아니다. 이 사건 특례합의는 단체협약을 체결할 능력이 있는 원고 지부와 사용자인 피고가 근로시간이라는 근로조건에 관한 사항에 대해 합의를 하고 이를 문서로 작성해 쌍방이 날인한 것이므로, 노동조합 및 노동관계조정법(노조법)이 정한 단체협약에도 해당한다. 노조법 32조2항에 의하면 단체협약에서 그 유효기간을 정하지 아니한 경우 유효기간은 2년이 상한이다. 이 사건 특례합의는 그 유효기간에 대해 정함이 없으므로 체결일인 2013년 8월14일로부터 2년이 경과한 2015년 8월14일 유효기간 만료로 효력을 상실했다."
서울중앙지방법원2014가합525054,2020.11.20,손해배상청구,"[1] 甲주식회사 등이 수입ㆍ제조ㆍ판매한 담배를 20갑년 이상 흡연한 乙등이 폐암 및 후두암 등의 진단을 받게 되자, 乙등에게 보험급여 비용을 지출한 국민건강보험공단이 甲회사 등을 상대로 그 지출 비용 상당의 손해배상을 구한 사안에 서, 위 비용 지출로 인한 재산의 감소 또는 재산상의 불이익은 불법행위에 따른 손해배상책임에서 말하는 손해라 할 수 없고, 甲회사 등의 행위와 보험급여 비용지출 사이에 상당인과관계가 인정된다고 보기도 어려우므로 국민건강보험공단이 甲회사 등을 상대로 손해배상을 구할 수 없다고 한 사례"
대법원2020도5813,2020.11.19,상해ㆍ명예훼손ㆍ폭행,"[1] 명예훼손죄의 구성요건인 ‘공연성’의 의미와 판단 기준 / 명예훼손죄의 공연성에 관하여 판례상 확립된 법리인 이른바 ‘전파가능성 이론’의 유지 여부(적극)[2] 피고인이 甲의 집 뒷길에서 피고인의 남편 乙및 甲의 친척인 丙이 듣는 가운데 甲에게 ‘저것이 징역 살다온 전과자다’ 등으로 큰 소리로 말함으로써 공연히 사실을 적시하여 甲의 명예를 훼손하였다는 내용으로 기소된 사안에서, 丙이 甲과친척관계에 있다는 이유만으로 전파가능성이 부정된다고 볼 수 없고, 오히려 피고인은 甲과의 싸움 과정에서 단지 甲을 모욕 내지 비방하기 위하여 공개된 장소에 서 큰 소리로 말하여 다른 마을 사람들이 들을 수 있을 정도였던 것으로 불특정또는 다수인이 인식할 수 있는 상태였다고 봄이 타당하므로, 피고인의 위 발언은 공연성이 인정된다고 한 사례"
대법원2019다232918,2020.11.19,청구이의의소,"[1] 1998. 5. 27. 전에 이미 상속개시 있음과 상속채무 초과사실을 모두 알았던 상속인이 민법 제1019조 제3항의 특별한정승인을 할 수 있는지 여부(소극)[2] 상속인이 미성년인 경우, 민법 제1019조 제3항이나 그 소급 적용에 관한 민법 부칙(2002. 1. 14.) 제3항, 제4항에서 정한 ‘상속채무 초과사실을 중대한 과실없이 제1019조 제1항의 기간 내에 알지 못하였는지’와 ‘상속채무 초과사실을 안날’은 법정대리인의 인식을 기준으로 판단하여야 하는지 여부(적극)[3] 미성년 상속인의 법정대리인이 인식한 바를 기준으로 할 때 민법 제1019조제3항의 특별한정승인 규정이 적용되지 않거나 그 제척기간이 이미 지난 경우, 상속인이 성년에 이른 뒤 본인 스스로의 인식을 기준으로 새롭게 특별한정승인을 할 수 있는지 여부(소극)"
울산지방법원2019구합7465,2020.11.19,지원금교부결정취소처분 취소,"원고 기업이 국가지원금을 받아 직장어린이집을 설치·운영하던 중 경영악화로 인하여 위 어린이집이 강제경매 매각된 사례에서, 위 국가지원금이 어린이집 설립·운영이라는 목적에 맞게 사용된 이상 국가지원금을 전액 반환하라고 한 근로복지공단(피고)의 처분은 부당하여 취소되어야 한다고 판결한 사례"
수원지방법원2019노4120,2020.11.13,노동조합및노동관계조정법위반,"노동조합 및 노동관계조정법에 따라 노동위원회에서 정식으로 교섭단위 분리결정을 받지 않은 사용자가 복수노조 중 어느 노조와 개별교섭을 진행하기 위해서는 사용자의 ‘동의’가 있어야 한다. 이때 사용자는 개별교섭을 원하는 노조를 차별적으로 분리·선택할 수 없다. 즉 복수노조 중 하나의 노조와 개별교섭에 동의하면 다른 모든 노동조합과도 개별교섭을 해야 하는 것이다. 따라서 피고인이 쟁의행위를 결정하기 위해서는 소속 조합원들의 투표만 거치면 될 뿐, 복수노조 조합원들까지 포함시킬 하등의 이유가 없다."
대법원2019도11688,2020.11.12,상표법위반,[1]
대법원2017후1779,2020.11.12,거절결정(상),"[1] 상표출원에 대한 심사 단계에서 미리 거절이유를 통지한 사유라도 그 사유를 거절결정에서 거절이유로 삼지 않은 경우, 거절결정에 대한 심판절차에서 이를 심결의 이유로 하기 위해서는 구 상표법 제81조, 제23조에 따라 다시 그 사유에 대해 거절이유를 통지하여야 하는지 여부(원칙적 적극) 및 위 규정에 따라 거절이유통지를 하지 아니한 채 거절결정의 이유와 다른 거절이유를 들어서 거절결정이 결과에 있어 정당하다는 이유로 거절결정불복심판청구를 기각할 수 있는지 여부(소극)"
대법원2018두65538,2020.11.12,증여세부과처분취소,"[1] 구 상속세 및 증여세법 제40조 제1항의 과세요건을 충족하지 않더라도 같은 법 제42조 제1항 제3호의 과세요건을 충족하면 그에 따라 증여재산가액을 산정하여 증여세를 과세할 수 있는지 여부(적극) 및 2015. 12. 15. 법률 제13557호로 개정된 상속세 및 증여세법에서 증여재산가액 계산의 일반원칙에 관한 규정을 신설하면서 위 제42조 제1항 제3호에 규정되었던 내용을 삭제하였더라도 구 상속세및 증여세법이 적용되는 사안에서는 마찬가지인지 여부(적극)[2] 구 상속세 및 증여세법 제42조 제1항 제3호에서 증여세 과세대상으로 정한 전환사채 등에 의한 주식의 전환 등과 관련하여 전환사채를 주식으로 전환할 당시 특수관계가 있는 경우, 구 상속세 및 증여세법 제42조 제3항의 적용 대상이 되는지 여부(소극)"
대법원2018수5025,2020.11.12,선거무효,"[1] 지방교육자치에 관한 법률 제49조 제1항에 따라 교육감선거에 준용되는 공직선거법 제224조에서 정한 선거무효의 사유가 되는 ‘선거에 관한 규정에 위반된 사실’과 ‘선거의 결과에 영향을 미쳤다고 인정하는 때’의 의미[2] 지방교육자치에 관한 법률 제24조 제2항 제1호에서 정한 ‘고등교육법 제2조 에 따른 학교에서 교원으로 근무한 경력’의 의미 및 고등교육법 제14조 제2항에 정한 교원으로 임용되어 그 직무에 종사한 경우, 교원으로서 근무한 경력으로 볼수 있는지 여부(적극)"
대법원2017두36212,2020.11.12,과징금납부명령취소,[1] ‘위반사업자 또는 그 소속 임원ㆍ종업원이 위반행위 조사를 거부ㆍ방해 또는 기피한 경우’ 과징금을 가중할 수 있도록 규정한 구 과징금부과 세부기준 등에 관한 고시 Ⅳ. 3. 나. (4)항의 법적 근거 및 법적 성질(=재량준칙) / 위 고시조항이 가급적 존중되어야 하는지 여부(적극)
대법원2017다275270,2020.11.12,사해행위취소,"[1] 위약금이 위약벌로 해석되기 위한 요건 및 위약금의 법적 성질을 판단하는 방법[2] 위약금 약정이 손해배상액의 예정과 위약벌의 성격을 함께 가지는 경우, 법원은 당사자의 주장이 없더라도 직권으로 민법 제398조 제2항에 따라 위약금 전체 금액을 기준으로 감액할 수 있는지 여부(원칙적 적극) 및 이때 그 금액이 부당하게 과다한지 판단하는 기준[3] 甲주식회사의 하도급업자로서 미지급 공사대금 채권에 기해 甲회사의 채권을 가압류한 乙주식회사가 甲회사를 상대로 제기한 본안소송 계속 중 제3채무자의 공탁으로 개시된 배당절차에서 자신 앞으로 배당금이 공탁되자, 신속하게 집행권원을 얻어 이를 수령하기 위하여 甲회사와 ‘위 공사대금을 일부 감액하여 정산합의금으로 하고, 甲회사는 공사대금 채권에 대한 乙회사의 가압류를 본압류로 이전하는 것에 이의하지 않고 乙회사는 위 공사대금 소송이 확정되어 배당금을 회수하는 즉시 甲회사에 그 일부를 지급한다.’는 내용의 정산합의를 하면서, 특약사항으로 甲회사나 乙회사가 자신의 책임 있는 사유로 의무를 이행하지 않을 경우 甲회사는 乙회사에 정산합의금의 배액을 배상하고 乙회사는 甲회사로부터 지급받을 채권 전액을 포기하기로 약정한 사안에서, 위 특약은 위약금 약정에 해당하는데, 이는 손해배상액 예정과 위약벌의 성격을 함께 가지는 것이고, 乙회사가 위약 시 공사대금 채권 전액을 포기하기로 정한 것은 부당하게 과다하다고 볼 여지가 있다고 한 사례"
대법원2017다228236,2020.11.12,정산금청구의소,"[1]  계약 등 법률행위의 당사자에게 일정한 의무를 부과하거나 일정한 행위를 금지하는 법규에서 이를 위반한 법률행위의 효력에 관하여 명확하게 정하지 않은 경우, 금지규정을 위반한 법률행위의 효력을 판단하는 방법[2] 문화재수리업자의 명의대여 행위를 금지한 문화재수리 등에 관한 법률 제21조가 강행규정인지 여부(적극) 및 이를 위반한 명의대여 계약이나 이에 기초하여 대가를 정산하여 받기로 하는 정산금 약정의 효력(무효)"
대법원2020도10806,2020.11.05,성폭력범죄의처벌등에관한특례법위반(친족…,[1] 의붓아버지와 의붓딸의 관계가 성폭력범죄의 처벌 등에 관한 특례법 제5조 제4항에서 규정한 ‘4촌 이내의 인척’으로서 친족관계에 해당하는지 여부(적극)
대법원2017도18291,2020.11.05,개발제한구역의지정및관리에관한특별조치…,[1] 법원이 형의 집행을 유예하는 경우 명할 수 있는 ‘사회봉사’의 의미(=시간단위로 부과될 수 있는 일 또는 근로활동)[2] 보호관찰 등에 관한 법률 제32조 제3항에서 보호관찰 대상자에게 과할 수 있는 특별준수사항으로 정한 ‘범죄행위로 인한 손해를 회복하기 위하여 노력할 것(제4호)’ 등 같은 항 제1호부터 제9호까지의 사항은 보호관찰 대상자에 한하여 부과할 수 있는지 여부(적극) 및 사회봉사명령ㆍ수강명령 대상자에 대해서도 이를 부과할 수 있는지 여부(소극)
대법원2015도13830,2020.11.05,의료법위반,[1] 의료인이 전화 등을 통해 원격지에 있는 환자에게 행하는 의료행위가 의료법 제33조 제1항에 위반되는 행위인지 여부(원칙적 적극) 및 이는 의료법 제33조 제1항 제2호에서 정한 ‘환자나 환자 보호자의 요청에 따라 진료하는 경우’에도 동일하게 적용되는지 여부(적극)
대법원2020후10827,2020.11.05,등록무효(상),"[1] 구 상표법 제7조 제1항 제18호의 규정 취지 및 위 규정에 해당하는지 판단하는 기준 / 이러한 법리는 서비스표의 경우에도 마찬가지로 적용되는지 여부(적극)[2] ‘청문각출판사’라는 상호로 교재출판업 등을 영위하면서 선사용서비스표“[이미지]”을 출처 표시로 사용하는 甲이 청문각출판사의 재고도서와 출판권 등의 자산을 乙에게 양도하였고, 그 후 丙이 이를 포괄적으로 양수하여 ‘청문각출판’이라는 상호로 청문각출판사에서 출판하던 도서들을 출판, 판매하고 있는데, 甲이 서비스표인 “”을 출원하여 등록을 받자, 丙이 甲을 상대로 위 등록서비스표가 구 상표법 제7조 제1항 제18호에 해당한다는 이유로 등록무효심판을 청구하였으나 특허심판원이 이를 기각하는 심결을 한 사안에서, 甲이 ‘청문각’이라는 표장과 동일ㆍ유사한 서비스표를 동일ㆍ유사한 서비스에 출원하여 등록서비스표로 등록받은 것은 乙또는 丙에 대한 관계에서 신의성실의 원칙에 위반되므로, 甲의 위 등록서비스표는 구 상표법 제7조 제1항 제18호에 해당되어 그 등록이 무효로 되어야 한다고 한 사례"
대법원2018두54705,2020.11.05,부당해고및부당노동행위구제재심판정취소,"[1] 근로자가 영업양도일 이전에 정당한 이유 없이 해고된 후 영업 전부의 양도가 이루어진 경우, 영업 전부를 이전받은 양수인이 양도인으로부터 정당한 이유 없이 해고된 근로자와의 근로관계를 승계하는지 여부(원칙적 적극) / 이때 영업양도 당사자 사이에 정당한 이유 없이 해고된 근로자를 승계의 대상에서 제외하기로 하는 특약이 있는 경우, 그 특약은 근로기준법 제23조 제1항에서 정한 정당한 이유가 있어야 유효한지 여부(적극) 및 영업양도 자체만으로 근로자 승계 제외의 정당한 이유를 인정할 수 있는지 여부(소극)"
대법원2020다241017,2020.11.05,건물명도(인도),"[1] 2018. 10. 16. 법률 제15791호로 개정된 상가건물 임대차보호법 부칙 제2조에서 정한 ‘이 법 시행 후 최초로 체결되거나 갱신되는 임대차’의 의미 및 개정법률 시행 후에 개정 전 법률에 따른 의무임대차기간이 경과하여 임대차가 갱신되지 않고 기간만료 등으로 종료된 경우가 이에 포함되는지 여부(소극)[2] 상가건물의 임대인인 甲이 임차인인 乙과의 합의에 따라 총 7년으로 연장된 임대차기간이 만료되기 3개월 전 乙에게 임대차계약을 갱신할 의사가 없음을 통보하자 乙이 임대차계약의 갱신을 요구한 사안에서, 위 임대차계약은 2018. 10. 16. 법률 제15791호로 개정된 상가건물 임대차보호법 시행 이후에 기간만료로 종료되어 갱신되지 않았으므로 乙은 임대차계약에 적용되는 의무임대차기간이 10년이라는 이유로 임대차계약의 갱신을 요구할 수 없다고 한 사례"
대법원2020다210679,2020.11.05,조합장지위부존재확인등,"[1] 조합의 정관에서 ‘조합장이 총회를 소집, 개최하는 경우 총회의 목적ㆍ안건ㆍ일시ㆍ장소 등에 관하여 미리 이사회의 의결을 거쳐야 한다.’는 규정을 두고 있음에도 조합장이 총회 소집 과정에서 위 정관 규정을 위반한 경우, 총회 결의가 무효인지 판단하는 기준"
대법원2020마5594,2020.11.03,공직자윤리법위반,"[1] 질서위반행위에 대하여 과태료 부과의 근거 법률이 개정되어 행위 시의 법률에 의하면 과태료 부과대상이었지만 재판 시의 법률에 의하면 과태료 부과대상이 아니게 된 경우, 과태료를 부과할 수 있는지 여부(원칙적 소극)[2] 구 공직자윤리법 제18조 제1항 본문에서 정한 ‘취업제한 여부 확인요청 제도’의 입법 취지[3] 국가경찰공무원으로서 경감 직위에서 퇴직한 甲이 ‘철도건널목 안전관리 및 경비’ 등의 업무를 담당하는 경비사업소장으로 乙주식회사에 취업한 후 취업제한여부 확인요청서를 제출하였는데, 甲에 대하여 취업 전에 취업제한 여부 확인요청을 하지 않았다는 이유로 과태료가 부과되었고, 이에 甲이 항고하였으나 항고심법원이 2019. 12. 3. 법률 제16671호로 개정된 공직자윤리법이 공포된 상태임에도 시행일까지 기다리지 아니한 채 항고기각 결정을 한 사안에서, 과태료 재판 계속 중에 개정ㆍ시행된 공직자윤리법령에 의하면 甲이 취업제한 여부 확인요청대상자의 범위에서 제외될 여지가 있으므로 이 경우 재판 시의 법률에 따라 과태료를 부과할 수 없게 된다는 이유로 원심결정을 파기한 사례"
대법원2020마6255,2020.10.30,소송비용부담및확정,"[1] 공동소송인 중 일부만이 변호사보수를 실제 지급한 경우, 그 일부에 대해서만 변호사보수를 배분하여 소송비용을 산정하여야 하는지 여부(적극)"
대법원2020다241017,2020.10.29,감면거부처분취소,공정거래위원회가 공동행위 외부자의 제보에 따라 필요한 증거를 충분히 확보한 이후 증거를 제공한 공동행위 참여자가 과징금 등 감면 대상자인 1순위 또는 2순위 조사협조자가 될 수 있는지 여부(소극)
특허법원2019허3588,2020.10.29,존속기간연장무효(특),"[1] 명칭이 “N-치환된 2-시아노피롤리딘”인 특허발명의 특허권자인 甲외국회사가 乙주식회사와 특허발명에 대한 통상실시권 설정계약을 체결하였고, 乙회사가 특허발명을 실시하기 위한 의약품에 대하여 수입품목허가를 받은 후 ‘특허권 설정등록일부터 수입품목허가일까지의 기간 중 심사 보완자료 준비기간을 제외한 기간’에 대하여 특허권 존속기간의 연장등록출원을 하여 등록이 이루어졌는데, 丙주식회사 등이 甲회사를 상대로 구 특허법 제134조 제1항 제3호에 따라 연장등록 무효심판을 청구하였고, 특허심판원이 ‘임상시험 종료 다음 날부터 원료의약품 신고서 제출일 전날까지의 기간’과 ‘원료의약품 신고필증 교부일 다음 날부터 수입품목허가 신청 및 안전성ㆍ유효성 심사의뢰서 제출일 전날까지의 기간’은 특허권자의 책임 있는 사유로 인해 소요된 기간에 해당한다고 보아 丙회사 등의 심판청구를 인용하는 심결을 한 사안에서, ‘임상시험 종료 다음 날부터 원료의약품 신고서 제출일 전날까지의 기간’은 특허권자인 甲회사에 책임 있는 사유로 인하여 소요된 기간이라고 볼 수 없어 이 부분 심결의 판단은 위법하고, 甲회사가 제기한 심결취소소송에서 위 기간에 대한 취소를 구하는 부분이 이유 있어 이를 인는 이상, 이는 연장등록된 기간 전체에 영향을 미치게 되므로 심결이 전부 취소되어야 한다고 한 사례"
수원지방법원2019가합20989,2020.10.29,해고무효확인,"[1] 甲농업협동조합이 조합 소속 근로자인 乙에게 ‘乙이 최근 2년 동안 3회 이상주의를 받았다.’는 이유로 대기발령을 내린 다음, ‘乙이 대기발령 후 3개월이 지나도록 직위 또는 직무를 받지 못했다.’는 이유로 면직을 통보하자, 乙이 위 면직은 실질적으로 징계해고에 해당하는데 甲조합이 乙에게 구체적인 사유를 서면으로 통지하지 않은 채 위 면직을 하였다며 면직 무효의 확인을 구한 사안에서, 위 면직은 근로기준법 제27조에 따른 서면통지의무를 제대로 이행하지 않는 등 절차적으로 위법하여 무효라고 한 사례"
대법원2017도18164,2020.10.29,자본시장과금융투자업에관한법률위반,"[1] 자본시장과 금융투자업에 관한 법률 제174조 제1항에 따른 금지행위 중 ‘타인에 게 미공개중요정보를 특정증권 등의 매매, 그 밖의 거래에 이용하게 하는 행위’의의미 및 이때 ‘타인’은 반드시 상장법인의 내부자 및 제1차 정보수령자(수범자)로 부터 정보를 직접 수령한 자로 한정되는지 여부(소극) / 정보의 직접 수령자를 통하여 정보전달이 이루어져 당해 정보를 제공받은 자가 위 정보를 거래에 이용하게 하는 경우, 수범자의 정보제공행위와 정보수령자의 정보이용행위 사이에 인과 관계가 존재하여야 하는지 여부(적극) 및 수범자는 정보수령자가 당해 정보를 이용하여 특정증권 등의 매매, 그 밖의 거래를 한다는 점을 인식하면서 정보를 제공하여야 하는지 여부(적극) / 수범자의 위와 같은 인식의 정도 및 인식 여부를 판단하는 기준"
대법원2017두52979,2020.10.29,증권거래세부과처분취소청구의소,"[1] 사해행위취소 판결로 주식의 증여계약이 취소되고 채무자 명의로 원상회복된주식이 강제경매절차에서 매각되어 매각대금이 모두 채권자에게 배당된 경우, 증권거래세 납세의무를 부담하는 증권거래세법 제3조 제3호에 따른 주권의 양도자(=채무자)"
대법원2017두51174,2020.10.29,법인세등부과처분취소,"[1] 과세관청이 세무조사결과통지 후 과세전적부심사 청구나 그에 대한 결정이 있기 전에 과세처분을 한 경우, 절차상 하자가 중대하고도 명백하여 과세처분이 무효인지 여부(원칙적 적극)[2] 과세관청이 법인에 대하여 세무조사결과통지를 하면서 익금누락 등으로 인한 법인세 포탈에 관하여 조세범 처벌법 위반으로 고발 또는 통고처분을 한 경우, 소득처분에 따른 소득금액변동통지와 관련된 조세포탈에 대하여도 과세전적부심사의 예외사유인 ‘고발 또는 통고처분’을 한 것으로 볼 수 있는지 여부(소극) 및 이 경우 세무조사결과통지 후 과세전적부심사 청구 또는 그에 대한 결정이 있기전에 이루어진 소득금액변동통지의 효력(원칙적 무효)[3] 구 법인세법 시행령 제109조 제1항 후문에서 납세고지서에 부기하여야 한다고 정한 ‘납세지 관할 지방국세청장이 조사ㆍ결정하였다는 뜻’이 납세고지서의 필요적 기재사항인지 여부(소극) 및 과세관청이 과세처분에 앞서 납세자에게 보낸 세무조사결과통지 등에 납세고지서의 필요적 기재사항이 제대로 기재되어 있어 처분에 대한 불복 여부의 결정 등에 지장을 받지 않았음이 명백한 경우, 납세고지서의 하자가 보완되거나 치유될 수 있는지 여부(적극)"
대법원2019두43719,2020.10.29,사용허가취소처분등취소청구,"[1] 국유지에 지어진 무허가 미등기 건물을 양수하여 건물의 부지로 국유지를 무단점용하고 있던 甲이 위 건물을 ‘본인의 주거용’으로만 사용하겠다며 위 국유지의 사용허가를 신청하자 관리청인 시장이 甲에게 한시적으로 국유지 사용허가를 하였는데, 현장조사에서 甲이 위 건물을 다른 사람들에게 임대하여 식당 등으로 사용하고 있는 사실을 파악하고 ‘甲이 위 건물 임대를 통해 위 국유지를 다른 사람에게 사용ㆍ수익하게 하여 국유재산법 제30조 제2항을 위반하였다’는 사유로 甲에 게 위 사용허가를 취소하고 국유지를 원상회복할 것을 명하는 처분을 한 사안에 서, 위 건물 임대는 국유재산법 제36조 제1항 제2호에서 사용허가 취소사유로 정한 ‘사용허가 받은 재산을 다른 사람에게 사용ㆍ수익하게 한 경우’에 해당한다고 한 사례"
대법원2019두37233,2020.10.29,시정명령등취소,"[1] ‘입찰담합 및 이와 유사한 행위’에 의한 부당한 공동행위에 대하여 과징금을 부과하는 경우, ‘계약금액’이 과징금의 기본 산정기준이 되는지 여부(적극) 및 이는 낙찰자 또는 낙찰예정자를 미리 정하는 내용의 담합에 참여하였으나 낙찰을 받지 못한 사업자에 대하여도 마찬가지로 적용되는지 여부(적극) / 사업자들이 수개의 입찰방식 거래와 관련하여 각자의 거래지역을 제한하는 합의를 하고 그 합의를 실행하기 위하여 개별입찰에 관한 입찰담합에까지 나아간 경우, 각 사업자가 입찰담합의 당사자로 가담한 각 개별입찰에서의 계약금액을 기초로 과징금을 산정할 수 있는지 여부(적극)[2] 공정거래위원회가 입찰담합에 관한 과징금의 기본 산정기준이 되는 ‘계약금액’을 재량에 따라 결정할 수 있는지 여부(소극)[3] 사업자들이 수 개의 입찰방식 거래와 관련하여 각자의 거래지역을 제한하는 합의를 하고 그 합의를 실행하기 위하여 특정 개별입찰에 관한 입찰담합에까지 나아간 경우, 각 사업자에 대한 과징금 산정의 기초가 되는 계약금액(=해당 사업자가 입찰담합의 당사자로 가담한 각 개별입찰의 계약금액 합계) / 이때 사업자가 특정 개별입찰에 관한 입찰담합으로 나아갔는지 판단하는 기준 및 특정 개별입찰에 형식적인 응찰을 하지 않았다는 사정만으로 담합에 참여하지 않은 것으로 볼수 있는지 여부(소극)"
대법원2019두31426,2020.10.29,재해위로금지급,"[1] 폐광된 광산에서 진폐로 인한 업무상 재해를 입은 근로자가 사망한 후에 장해등급이 변경된 경우, 장해등급 변경에 따른 재해위로금을 유족에게 지급해야 하는지 여부(적극)[2] 업무상 재해로 신체장해를 입은 사람이 당시 판정된 장해등급에 따른 장해급여를 청구하지 않아 기존의 장해에 대해서 보상을 받지 못하고 있다가 기존 장해상태가 악화되어 장해등급이 변경된 후 변경된 장해등급에 따라 장해보상일시금을 청구한 경우, 근로복지공단은 변경된 장해등급에 해당하는 장해보상일시금의 지급일수에 따라 장해보상일시금을 지급해야 하는지 여부(적극) 및 구 산업재해보상보험법 시행령 제58조 제3항 제2호를 근거로 근로자에게 지급한 적이 없는 기존 장해등급에 따른 장해보상일시금의 지급일수에 해당하는 기간만큼의 장해보상일시금을 부지급할 수 있는지 여부(소극) / 이는 기존 장해등급에 대한 장해급여 청구를 하지 않던 중 그 청구권이 시효 소멸된 경우에도 마찬가지로 적용되는지 여부(적극)[3] 폐광된 광산에서 진폐로 인한 업무상 재해를 입은 사람이 기존 장해등급에 따른 재해위로금을 청구하지 아니하여 지급받지 못하고 있다가 장해상태가 악화되어 장해등급이 변경된 후 변경된 장해등급에 따라 재해위로금을 청구한 경우, ‘종전 장해등급에 해당하는 장해보상일시금의 지급일수를 공제하지 않고 변경된 장해등급에 따라 산정된 장해보상일시금’으로 재해위로금을 지급하여야 하는지 여부(적극)"
대법원2017두54746,2020.10.29,감면거부처분취소,[1] 공정거래위원회가 공동행위 외부자의 제보에 따라 필요한 증거를 충분히 확보한 이후 증거를 제공한 공동행위 참여자가 과징금 등 감면 대상자인 1순위 또는 2순위 조사협조자가 될 수 있는지 여부(소극)
대법원2020다205806,2020.10.29,집행문부여에대한이의신청,[1] 민사집행법 제44조 제1항에서 정한 ‘제1심 판결법원’의 의미 및 지방법원 합의부가 제1심으로 재판한 판결을 대상으로 한 집행문부여에 대한 이의의 소가 위합의부의 전속관할에 속하는지 여부(적극)
대법원2019다267679,2020.10.29,공사대금,"[1] 구 국가를 당사자로 하는 계약에 관한 법률 제21조, 국가를 당사자로 하는 계약에 관한 법률 시행령 제69조 제2항에 규정된 장기계속공사계약에서 이른바 ‘총괄계약’의 의미 및 효력 / 총괄계약에서 정한 총공사기간의 연장을 이유로 한 계약금액 조정신청이 적법한 계약금액 조정신청인지 여부(소극)[2] 공사기간 연장을 이유로 한 조정신청을 당해 차수별 공사기간의 연장에 대한 공사금액 조정신청으로 인정하기 위한 요건"
대법원2019다267020,2020.10.29,보험계약존재확인의소,"[1] 보험계약 존속 중 당사자 일방의 부당한 행위 등으로 신뢰관계가 파괴되어 계약의 존속을 기대할 수 없는 중대한 사유가 있는 경우, 상대방이 보험계약을 해지할 수 있는지 여부(적극)[2] 보험계약자 측이 입원치료를 지급사유로 보험금을 청구하거나 이를 지급받았으나 입원치료의 전부 또는 일부가 필요하지 않은 것으로 밝혀진 경우, 보험자가 보험계약을 해지할 수 있는지 여부(한정 적극) / 보험자에게 위 해지권에 관한사전 설명의무가 있는지 여부(소극) 및 보험자의 위 해지권 행사를 상법 제663조나 약관의 규제에 관한 법률 제9조 제2호 위반으로 볼 수 있는지 여부(소극) / 보험자가 보험금 지급심사 단계에서 지급요건을 충족하지 못한 것을 밝히지 못하고 보험금을 지급했다는 이유만으로 위 해지권 행사를 보험계약상 신의성실의 원칙위반으로 볼 수 있는지 여부(소극) / 구체적 사안에서 보험자가 위 해지권을 행사할 수 있는지 판단하는 방법[3] 보험계약의 기초가 되는 신뢰관계를 파괴하는 당사자 일방의 부당한 행위가 해당 보험계약의 특약에 관한 것이더라도 그 행위가 중대하여 계약 자체의 유지를 기대할 수 없는 경우, 이로 인한 해지의 효력이 보험계약 전부에 미치는지 여부(원칙적 적극)"
대법원2019다262582,2020.10.29,임금,"[1] 노동조합 및 노동관계조정법 제29조의4 제1항에서 정한 공정대표의무는 단체교섭 과정에서도 준수되어야 하는지 여부(적극) / 교섭대표노동조합이 단체교섭과정에서 교섭창구 단일화 절차에 참여한 다른 노동조합에 단체교섭 및 단체협약체결과 관련하여 필요한 정보를 적절히 제공하고 의견을 수렴할 의무 등을 부담하는지 여부(적극) 및 이러한 절차적 공정대표의무를 위반하였다고 인정하기 위한 요건[2] 교섭대표노동조합이 사용자와 단체교섭 과정에서 마련한 단체협약 잠정합의안에 대해 조합원 총회 또는 총회에 갈음할 대의원회의 찬반투표 절차를 거치면서 교섭창구 단일화 절차에 참여한 다른 노동조합의 조합원들에게 절차에 참여할기회를 부여하지 않거나 그들의 찬반의사를 고려하여 가결 여부를 결정하지 않았다는 사정만으로 절차적 공정대표의무 위반이라고 단정할 수 있는지 여부(소극)[3] 교섭대표노동조합이 절차적 공정대표의무에 위반하여 합리적 이유 없이 교섭창구 단일화 절차에 참여한 다른 노동조합을 차별한 경우, 그로 인한 위자료 배상책임을 부담하는지 여부(원칙적 적극)[4] 甲노동조합이 교섭대표노동조합으로서 회사와 단체교섭을 진행하여 잠정합의안이 마련되자 조합원총회를 갈음하는 임시대의원회를 개최하여 이를 가결하였는데, 그 과정에서 교섭창구 단일화 절차에 참여한 다른 노동조합인 乙노동조합에 잠정합의안 마련사실을 알리거나 이에 대해 설명하고 그로부터 의견을 수렴하지 않았고, 임시대의원회에 乙노동조합의 대의원이나 조합원을 참여시키지 않은 사안에서, 甲노동조합이 乙노동조합에 잠정합의안 마련사실을 알리거나 이에 대하여 설명하고 그로부터 의견을 수렴하는 절차를 전혀 거치지 않은 것은 절차적공정대표의무를 위반한 것으로 乙노동조합에 대한 불법행위가 되므로, 甲노동조합은 이로 인한 위자료 배상책임을 부담한다고 한 사례"
대법원2019다249589,2020.10.29,손해배상(기),[1] 헌법재판소가 2018. 8. 30. 선고한 ‘구 민주화운동 관련자 명예회복 및 보상 등에 관한 법률 제18조 제2항의 민주화운동과 관련하여 입은 피해 중 불법행위로 인한 정신적 손해에 관한 부분은 헌법에 위반된다’는 결정이 법원에 대하여 기속력이 있는지 여부(적극) 및 위 일부 위헌결정이 선고된 사정이 그 결정 선고 전헌법소원의 전제가 된 해당 소송사건에서 이미 확정된 판결에 대하여 헌법재판소법 제75조 제7항에서 정한 재심사유가 되는지 여부(적극)
대법원2018다228868,2020.10.29,부당이득금반환,"[1] 토지에 관한 부당이득 반환청구에서 해당 토지의 현황이나 지목이 ‘도로’라는 이유만으로 부당이득의 성립이 부정되는지 여부(소극)[2] 신의성실의 원칙의 의미 및 그 위배를 이유로 권리행사를 부정하기 위한 요건[3] 지목이 도로인 토지의 지분을 보유하고 있던 甲교회와 乙교회가 위 도로를 통해서만 공로로 출입할 수 있는 인접 건물과 그 대지의 소유자인 丙주식회사를 상대로 자신들이 위 도로의 지분을 보유한 기간 동안 丙회사가 위 도로를 통행하면서 법률상 원인 없이 사용료에 해당하는 이익을 얻고 자신들에게 그 지분에 해당하는 손해를 입게 하였다며 부당이득반환을 구한 사안에서, 제반 사정에 비추어 위 부당이득 반환청구가 신의성실의 원칙에 반한다고 볼 수 없는데도, 이와 달리 본 원심판단에는 법리오해 등의 잘못이 있다고 한 사례"
대법원2017다269152,2020.10.29,이사회결의무효확인의소,"[1] 구 사회복지사업법상 관할 행정청의 임시이사 선임에 하자가 존재하더라도 그 하자가 중대ㆍ명백하지 않은 경우, 임시이사 해임처분이 있기 전까지는 임시이사의 지위가 유효하게 존속하는지 여부(적극)[2] 관할 행정청이 사회복지법인의 임시이사를 선임하면서 임기를 ‘후임 정식이사가 선임될 때까지’로 기재한 경우, 후임 정식이사가 선임되었다는 사유만으로 임시이사의 임기가 자동적으로 만료되어 임시이사의 지위가 상실되는지 여부(소극) 및 이때 임시이사의 지위가 상실되는 시점(=관할 행정청의 임시이사 해임처분 시)[3] 행정청이 행정처분을 하면서 논리적으로 당연히 수반되어야 하는 의사표시를 명시적으로 하지 않았으나 그것이 행정청의 추단적 의사에도 부합하고 상대방도 이를 알 수 있는 경우, 행정처분에 위와 같은 의사표시가 묵시적으로 포함되어 있다고 볼 수 있는지 여부(적극)[4] 관할 행정청이 사회복지법인의 정식이사 선임보고를 수리하는 처분에 종전 임시이사 해임처분이 포함된 것으로 보아야 하는지 여부(원칙적 적극)"
대법원2016다35390,2020.10.29,추심금,"[1] 추심금소송에서 추심채권자가 제3채무자와 ‘피압류채권 중 일부 금액을 지급하고 나머지 청구를 포기한다.’는 내용의 재판상 화해를 한 경우, ‘나머지 청구포기 부분’은 추심채권자가 제3채무자에게 더 이상 추심권을 행사하지 않고 소송을 종료하겠다는 의미로 보아야 하는지 여부(적극) 및 위 재판상 화해의 효력이 별도의 추심명령을 기초로 추심권을 행사하는 다른 채권자에게 미치는지 여부(소극)[2] 동일한 채권에 대해 복수의 채권자들이 압류ㆍ추심명령을 받은 경우, 어느 한 채권자가 제기한 추심금소송에서 확정된 판결의 기판력이 변론종결일 이전에 압류ㆍ추심명령을 받았던 다른 추심채권자에게 미치는지 여부(소극) / 이러한 법리는 추심채권자가 제3채무자를 상대로 제기한 추심금소송에서 화해권고결정이 확정된 경우에도 마찬가지로 적용되는지 여부(적극)"
대법원2020모633,2020.10.29,보석취소 결정에 대한 재항고,대법원 2020. 10. 29. 자 2020모633 결정 [보석취소 결정에 대한 재항고][미간행]
헌법재판소2019헌바374,2020.10.29,본문을 읽어보삼,초ㆍ중등교육법 제67조 제2항 제1호 위헌소원
헌법재판소2019헌바249,2020.10.29,본문을 읽어보삼,약사법 제20조 제1항 등 위헌소원
헌법재판소2019헌가15,2020.10.29,본문을 읽어보삼,특정경제범죄 가중처벌 등에 관한 법률 제5조 제4항 제2호 위헌제청
헌법재판소2019헌마533,2020.10.29,본문을 읽어보삼,소득세법 시행령 제16조 제1항 제1호 위헌확인
헌법재판소2017헌마1128,2020.10.29,본문을 읽어보삼,변호사시험법 제5조 제1항 등 위헌확인
헌법재판소2016헌마86,2020.10.29,본문을 읽어보삼,장애인시험용 이륜자동차 미비치 위헌확인
헌법재판소2017헌바208,2020.10.29,본문을 읽어보삼,구 관습법 위헌소원
대법원2017다263192,2020.10.29,단체협약무효확인 및 손해배상(기),1. 단체교섭 및 단체협약 체결 과정에서 교섭대표노조가 부담하는 절차적 공정대표의무의 내용2. 교섭대표노동조합이 교섭창구 단일화 절차에 참여한 다른 노동조합에게 단체교섭 및 단체협약 체결에 관한 정보를 제공하고 그 의견을 수렴할 공정대표의무를 부담하는지(적극)3. 교섭대표노동조합이 단체협약 잠정합의안에 대한 조합원 총회 또는 총회에 갈음할 대의원회의 찬반투표에 교섭창구 단일화 절차에 참여한 다른 노동조합 및 그 조합원에게도 참여할 기회를 부여하거나 가결 여부를 결정함에 있어 그 찬반의사를 반영하여야 할 공정대표의무를 부담하는지(소극)
울산지방법원2018가합26457,2020.10.28,손해배상(기),"[1] 선박 및 철도기관차용 엔진의 주요 부품을 제조, 개발하는 甲주식회사가 선박건조 등을 목적으로 설립된 乙주식회사와 기본거래계약 및 개별적 납품계약을 체결하여 乙회사에 피스톤, 실린더 헤드 등 엔진부품을 납품하는 하도급거래를 하여 왔는데, 조선업계의 불황 등 때문에 단가인하가 불가피하다는 乙회사의 요구로 하도급거래 모든 품목의 단가가 일률적으로 인하되자, 甲회사가 乙회사를 상대로 乙회사가 일방적으로 하도급거래 모든 품목의 단가를 일률적으로 인하한 것은 하도급거래 공정화에 관한 법률 제11조에 반하는 부당한 하도급대금의 감액이거나 같은 법 제4조에 반하는 부당한 하도급대금의 결정에 해당한다며 같은 법제35조에 따른 손해배상을 구한 사안에서, 위 단가인하는 하도급거래 공정화에 관한 법률 제11조에서 정한 하도급대금의 감액에는 해당하지 않으나 같은 법 제4조 제2항 제1호에서 정한 부당한 하도급대금의 결정으로 간주되는 행위에 해당하므로, 乙회사는 같은 법 제35조 제1항에 따라 甲회사에 대하여 손해배상책임을 부담한다고 한 사례"
서울행정법원2019구단66203,2020.10.28,요양급여부지급처분취소,"고용노동부 고시는 대외적 구속력을 갖는 법규명령이 아니므로 고시상 업무시간 기준에 미달하더라도 업무상질병이 아니라고 단정할 수 없다. 원고가 책임져야 했던 거래대금을 예정일까지 회수하지 못해 그로 인한 스트레스가 상당했던 것으로 보인다. 업무시간 산정에 관해 객관적 기록이 남아 있지 않지만, 주말에도 수시로 출근한 사정으로 미뤄 볼 때 공단이 조사한 시간보다는 더 많을 것으로 보인다. 원고의 고혈압과 흡연력이 발병에 영향을 미칠 수 있지만, 대법원 판례 법리상 업무상 과로나 스트레스가 질병의 주된 발생 원인에 겹쳐서 질병을 유발 또는 악화시켰다면 상당인과관계가 있다. 또 당해 근로자의 신체를 기준으로 판단해야 하는 등의 사정을 종합하면, 원고의 경우 업무상재해로 인정함이 타당하다."
서울고등법원2020나2003589,2020.10.22,손해배상(기),"[1] 甲지방자치단체가 도시공원(어린이공원) 정비 공사가 완료된 후 설치검사 전에 공원을 개방하였는데, 乙이 공원에 설치된 조합놀이대의 미끄럼틀을 거꾸로 오르다가 바닥으로 추락한 후 사망하였고, 이에 乙의 부모인 丙등이 甲지방자치단체를 상대로 국가배상법에 따른 손해배상을 구한 사안에서, 영조물의 설치ㆍ관리상하자 등으로 인한 손해배상청구는 이유 없으나, 소송 진행 과정에서 甲지방자치단체 소속 공무원이 丙등의 증거신청이나 법원의 석명에 대하여 성실하게 협조할 법규상ㆍ조리상 의무를 위반하였으므로, 甲지방자치단체는 그러한 위법행위로 인하여 丙등이 받은 정신적 고통을 배상할 의무가 있다고 한 사례"
대법원2020도6258,2020.10.22,특정경제범죄가중처벌등에관한법률위반(사…,"[1] 금전채권채무 관계에서 채무자가 채권자에 대하여 ‘타인의 사무를 처리하는 자’에 해당하는지 여부(소극) / 채무자가 금전채무를 담보하기 위하여 ‘자동차 등 특정동산 저당법’ 등에 따라 그 소유의 동산에 관하여 채권자에게 저당권을 설정해 주기로 약정하거나 저당권을 설정한 경우, 채권자에 대한 관계에서 배임죄의 주체인 ‘타인의 사무를 처리하는 자’에 해당하는지 여부(소극) 및 이때 채무자가 담보물을 제3자에게 처분하는 등으로 담보가치를 감소 또는 상실시켜 채권자의 담보권 실행이나 이를 통한 채권실현에 위험을 초래하는 경우, 배임죄가 성립하는 지 여부(소극) / 위와 같은 법리는, 금전채무를 담보하기 위하여 ‘공장 및 광업재단 저당법’에 따라 저당권이 설정된 동산을 채무자가 제3자에게 임의로 처분한 사안에도 마찬가지로 적용되는지 여부(적극)[2] 동산 매매계약에서 매도인이 매수인에 대하여 그의 사무를 처리하는 지위에 있는지 여부(소극) 및 이때 매도인이 목적물을 타에 처분한 경우, 형법상 배임죄가 성립하는지 여부(소극) / 권리이전에 등기－등록을 요하는 동산에 대한 매매계약에서 자동차 등의 매도인이 매수인에 대하여 그의 사무를 처리하는 지위에 있는지 여부(소극) 및 이때 매도인이 매수인에게 소유권이전등록을 하지 아니하고 타에 처분한 경우, 배임죄가 성립하는지 여부(소극)"
대법원2020도4140,2020.10.22,살인ㆍ사체유기ㆍ아동복지법위반(아동유기…,"[1] 피고인이 제1심판결 선고 시 소년에 해당하여 부정기형을 선고받았고, 피고인만이 항소한 항소심에서 피고인이 성년에 이르러 항소심이 제1심의 부정기형을 정기형으로 변경해야 할 경우, 불이익변경금지 원칙 위반 여부를 판단하는 기준(= 부정기형의 장기와 단기의 중간형)[2] 제1심이 당시 소년에 해당하는 피고인에 대하여 살인죄 및 사체유기죄를 유죄로 인정하면서 소년법 제60조 제1항 단서에 대한 특칙에 해당하는 특정강력범죄의 처벌에 관한 특례법 제4조 제2항에서 정한 장기와 단기의 최상한인 징역 장기 15년, 단기 7년의 부정기형을 선고하였고, 이에 대하여 피고인만이 항소하였는데, 피고인이 원심 선고 이전에 성년에 도달하자 원심이 직권으로 제1심판결을 파기하고 정기형을 선고하면서 불이익변경금지 원칙상 제1심이 선고한 부정기형의단기인 징역 7년을 초과하는 징역형을 선고할 수 없다는 이유로 피고인에게 징역7년을 선고한 사안에서, 원심이 제1심에서 선고한 부정기형 대신 정기형을 선고함에 있어 불이익변경금지 원칙 위반 여부를 판단하는 기준은 부정기형의 장기와 단기의 중간형, 즉 징역 11년이 되어야 한다는 이유로, 이와 달리 판단한 원심판결에 법리오해의 잘못이 있다고 한 사례"
대구지방법원2020가합201549,2020.10.22,노동조합설립무효확인 등,"피고의 조합원으로 가입한 대리 및 과장급 직원이 수행하는 업무가 근로조건 결정 또는 업무상 명령이나 지휘·감독을 하는 등의 사항에 관한 것이라거나 그 직무상 의무와 책임이 조합원으로서의 의무와 책임에 직접적으로 저촉되는 것이라고 볼 만한 증거가 없는 점, 원고의 주장과 같이 A회사의 모든 대리급 직원에게 근태관리, 성과평가·관리 등에 관한 권한이 일률적으로 부여되었다고 보기 어렵고, 대리급 직원은 ‘연차, 휴가요청서’를 단지 검토, 확인하는 지위에 불과한 점, 이 사건 회사가 피고의 설립 과정에 관여하거나 개입하였다고 볼 증거가 없고, 오히려 피고 조합장은 한국노동조합총연맹 산하 기구의 조력을 토대로 피고를 설립한 점, 피고의 운영에 A회사가 개입하였다거나 피고가 A회사의 입장을 대변하는 등으로 근로자의 이익을 부당하게 저해하고 있다고 볼 만한 사정을 찾을 수 없는 점 등을 종합하면, 피고에게 노동조합 및 노동관계조정법 제2조 제4호의 요건이 결여되었다고 보기 어렵다고 판단하여 원고의 청구를 기각한 사례. "
대법원2020마6195,2020.10.20,장부등열람허용가처분,"[1] 회사에 대하여 채무자 회생 및 파산에 관한 법률에 따른 회생절차가 개시된 경우, 소수주주의 회계장부 등에 대한 열람ㆍ등사청구권을 규정한 상법 제466조 제1항의 적용이 배제되는지 여부(소극)"
서울중앙지방법원2019가합518907,2020.10.16,손해배상(기),자동차 판매대리점 사원에 대한 부당노동행위 손배 책임의 내용·범위를 확인한 판결
제주지방법원2019가합13663,2020.10.15,합격취소결정 무효 확인 등,"원고는 피고 재단 채용절차에 응시하여 공채 합격결정을 받았고, 이후 피고는 원고가 대학교수인 면접시험위원 A 소속 학과 졸업생이어서 피고 재단 인사지침의 회피사유인 ‘근무경험관계 등 기타 이해당사자로서 공정을 기대하기 어려운 특별한 관계나 사정이 있는 경우’에 해당한다는 이유로 위 합격결정을 취소한 사안에서, ‘위의 경우가 회피사유인지 분명하지 않고, 원고와 A의 관계가 그러한 경우에 해당하지도 않는다‘는 등의 이유로 위 합격취소결정이 무효임을 확인하고 임금 상당액의 손해배상금 지급을 명한 사례"
서울중앙지방법원2019노4259,2020.10.15,개인정보보호법위반(예비적 죄명: 같음),"[1] 피고인이 시(市)교육청으로부터 대학수학능력시험 감독관으로 임명(위촉)되어 고사장 감독업무를 수행하면서 수험생의 개인정보가 포함된 응시원서를 제공받고이를 각 수험생의 수험표와 대조하는 과정에서 甲의 연락처를 알게 되자 甲을 카카오톡 친구로 추가한 후 甲에게 카카오톡으로 ‘맘에 든다’는 취지의 메시지를 발송함으로써 개인정보처리자로부터 제공받은 개인정보를 제공받은 목적 외 용도로 이용하였다고 하여 구 개인정보 보호법 위반으로 기소된 사안에서, 피고인은 위시험의 감독업무 수행을 위하여 개인정보처리자인 시(市)교육청으로부터 수험생들 의 전화번호 등 개인정보를 받은 것이므로 같은 법 제17조 제1항 제2호, 제15조 제1항 제3호의 ‘공공기관이 법령 등에서 정하는 소관 업무의 수행을 위하여 불가피한 경우’에 해당하여 같은 법 제19조의 ‘개인정보처리자로부터 개인정보를 제공받은 자’에 포섭된다는 이유로 유죄를 선고한 사례"
대법원2020도7307,2020.10.15,사기ㆍ법무사법위반,"[1] 법무사법 제21조 제2항에서 정한 ‘법무사 등록증을 빌려준다’는 것의 의미 / 법무사 사무소 직원이 법무사 사무소의 업무 전체가 아니라 일정 부분의 업무에 한하여 실질적으로 법무사의 지휘ㆍ감독을 받지 않고 자신의 책임과 계산으로 해당 사무를 법무사 명의로 취급ㆍ처리하였고, 법무사는 나머지 업무에 관하여 정상적인 활동을 하고 있는 경우, 직원과 법무사에게 법무사법 제72조 제1항 위반죄가 성립하는지 여부(적극)[2] 법무사가 등록증을 다른 사람에게 빌려주거나 법무사의 등록증을 빌린 행위가 2017. 12. 12. 법률 제15151호로 개정된 법무사법 시행 이전부터 계속되어 온경우, 개정된 법무사법이 시행된 이후의 행위로 취득한 금품 그 밖의 이익만이 개정된 법무사법 제72조 제2항에 따른 몰수나 추징의 대상이 되는지 여부(적극)"
대법원2020도6422,2020.10.15,성폭력범죄의처벌등에관한특례법위반(13세…,[1] 누구든지 아동복지법 제17조 제2호에서 정한 금지행위를 한 경우에는 같은 법 제71조 제1항에 따라 처벌되는지 여부(적극) 및 성인이 아닌 경우 위 금지행위규정 및 처벌규정의 적용에서 배제되는지 여부(소극)
대법원2019도2862,2020.10.15,정보통신망이용촉진및정보보호등에관한법…,"[1] 정보통신망 이용촉진 및 정보보호 등에 관한 법률 제70조의2와 제48조 제2항은 악성프로그램을 전달하거나 유포하는 행위만으로 범죄 성립이 인정되는지 여부(적극) 및 그로 말미암아 정보통신시스템 등의 훼손ㆍ멸실ㆍ변경ㆍ위조 또는 그 운용을 방해하는 결과가 발생할 것을 필요로 하는지 여부(소극) / ‘악성프로그램’에 해당하는지 판단하는 기준[2] 피고인이 甲유한회사가 운영하는 온라인 슈팅게임에서, 위 게임의 이용자가 상대방을 더욱 쉽게 조준하여 사격할 수 있도록 도와주기 위한 것으로 처음사격이 성공한 다음부터 상대방 캐릭터를 자동으로 조준해 주는 기능을 하는 乙프로그램을 판매함으로써 정당한 사유 없이 정보통신시스템 등의 운용을 방해할 수 있는 ‘악성프로그램’을 전달 또는 유포하였다고 하여 정보통신망 이용촉진 및 정보보호 등에 관한 법률 위반으로 기소된 사안에서, 검사가 제출한 증거만으로는 乙프로그램이 같은 법 제48조 제2항의 ‘악성프로그램’에 해당한다고 단정하기 어렵다고 한 사례"
대법원2017두47403,2020.10.15,취득세등부과처분취소,[1] 구 지방세법 제20조 제4항이 정한 재산권 등의 이전 등을 등기 또는 등록하려는 경우의 취득세 신고ㆍ납부기한인 ‘등기 또는 등록을 하기 전까지’는 구 지방세법 시행령 제35조가 정한 ‘등기 또는 등록의 신청서를 등기ㆍ등록관서에 접수하는 날까지’를 의미하는지 여부(적극) 및 구 지방세법 시행령 제35조가 모법인 구 지방세법 제20조 제4항의 규율 범위를 벗어난 것으로 무효인지 여부(소극)
대법원2020두36052,2020.10.15,요양급여환수처분취소등,"[1] 국민건강보험법에 따른 요양기관이 응급의료에 관한 법률 등 다른 개별 행정법률을 위반하여 요양급여를 제공하고 요양급여비용을 받은 것이 구 국민건강보험법 제57조 제1항에서 부당이득징수의 대상으로 정한 ‘속임수나 그 밖의 부당한 방법으로 보험급여비용을 받은 경우’에 해당하는지 판단하는 방법[2] 지역응급의료기관으로 지정된 甲병원이 응급의료에 관한 법률 시행규칙[별표 8] ‘지역응급의료기관 지정기준’ 중 응급실 전담간호사 인원수가 5명 이상이어야 한다는 인력기준을 충족하지 못하게 되었음에도 계속하여 응급실에 내원한 환자 등을 상대로 응급처치 등을 실시하고 응급의료관리료를 지급받은 사실에 대하여, 甲병원이 속임수나 그 밖의 부당한 방법으로 응급의료관리료를 지급받았다는 이유로 국민건강보험공단이 甲병원에 응급의료관리료 징수처분을 한 사안에서, 甲병원이 응급실에 내원한 환자에게 응급처치 등을 행한 이상 당시 ‘응급실전담간호사 인력기준’을 충족하지 못하였다는 사정만으로 甲병원이 위 응급처치등과 관련하여 받은 응급의료관리료를 구 국민건강보험법 제57조 제1항에서 부당이득징수의 대상으로 정한 ‘속임수나 그 밖의 부당한 방법으로 받은 보험급여 비용’에 해당한다고 보기는 어렵다고 한 사례"
대법원2019두60523,2020.10.15,재해위로금,"[1] 구 석탄산업법 시행령 제41조 제3항 제4호의 ‘재해발생기간에 불구하고 폐광일 현재 장해등급이 확정되지 아니한 자’에 최초의 요양을 종결하고 그에 따른 신체장해등급 판정을 받고 그에 상응하는 재해위로금을 받았다가 폐광일 이후 해당 상병이 재발하거나 또는 해당 상병에 기인한 합병증이 발생하여 재요양을 받게 된 피재근로자가 포함되는지 여부(적극) 및 이 경우 지급해야 하는 재해위로금액[2] 폐광된 광산에서 진폐로 인한 업무상 재해를 입은 근로자가 ‘2010. 5. 20. 법률 제10305호로 개정된 산업재해보상보험법 시행일인 2010. 11. 21. 이후에 장해등급이 확정’되어 장해급여가 아닌 진폐보상연금을 받게 된 경우, 구 석탄산업법 시행령 제41조 제3항 제4호에 따른 재해위로금 지급 대상에 해당하는지 여부(적극)"
대법원2019두45739,2020.10.15,교육환경평가심의결과(불승인)통보취소,"[1] 기속행위와 재량행위를 구분하는 방법 및 각 행위에 대한 사법심사 방식 / 교육환경보호구역에서 건축법 제11조 제1항 단서 등에 따른 건축물을 건축하려는 자가 제출한 교육환경평가서를 심사한 결과 그 내용 중에 교육환경 영향평가 결과와 교육환경 보호를 위한 조치 계획이 교육환경 보호에 관한 법률 시행규칙 제2조 [별표 1]에서 정한 ‘평가대상별 평가 기준’에 부합하거나 그 이상이 되도록 할수 있는 구체적인 방안과 대책 등이 포함되어 있는 경우, 교육감은 제출된 교육환경평가서를 승인하여야 하는지 여부(원칙적 적극)"
대법원2019두40611,2020.10.15,부당징계및부당노동행위구제재심판정취소,"[1] 상고하지 않은 참가인이 피참가인의 상고이유서 제출기간이 지난 후 상고이유서를 제출한 경우, 적법한 기간 내에 제출한 것인지 여부(소극) 및 이러한 법리는 상고이유의 주장에 대해서도 마찬가지인지 여부(적극) / 공동소송적 보조참가를 한 참가인과 피참가인이 서로 원심에 대해 불복하는 부분을 달리하여 각각 상고한 소송에서, ‘피참가인만이 불복한 부분’에 대하여 피참가인이 상고이유서에서 주장하지 않은 새로운 내용을 참가인이 피참가인의 상고이유서 제출기간이 지난 후에 주장하는 경우, 적법한 기간 내에 제출된 상고이유의 주장인지 여부(소극)"
대법원2019두40345,2020.10.15,부당징계구제재심판정취소,[1] 조합원의 직접ㆍ비밀ㆍ무기명투표에 의한 과반수의 찬성결정이라는 절차를 거치도록 한 노동조합 및 노동관계조정법 제41조 제1항의 절차를 위반한 쟁의행위는 정당성이 상실되는지 여부(원칙적 적극) 및 쟁의행위에 대한 조합원 찬반투표가 같은 법 제45조에서 정한 노동위원회의 조정절차를 거치지 않고 실시되었다는 사정만으로 쟁의행위의 정당성이 상실되는지 여부(소극)
대법원2020다234538,2020.10.15,채무부존재확인ㆍ보험금,"[1] 보험약관의 해석에서 객관적ㆍ획일적 해석의 원칙[2] 甲이 乙을 피보험자로 하여 丙보험회사와 체결한 암보험계약의 보험약관은 ‘피보험자가 암보장개시일 이후에 고액암으로 진단확정 받았을 때 고액암진단 보험금을 지급한다’고 규정하면서, 암(기타피부암 및 갑상선암 제외)의 ‘진단확정’은 ‘병리 또는 진단검사의학의 전문의사 자격증을 가진 자에 의하여 내려져야 한다’고 정하고 있는데, 乙이 丁대학병원에서 실시한 두 차례의 병리검사 결과 ‘편평상피세포암’으로 진단받은 다음, 같은 날 위 병원의 담당의사인 이비인후과 전문의 戊로부터 보험약관에서 정한 고액암에 해당하는 ‘두개안면골의 악성신생물(C41)’ 등으로 병명이 기재된 진단서를 발급받은 사안에서, 보험약관의 해석상 고액암의 진단확정 역시 병리 또는 진단검사의학의 전문의사 자격증을 가진 자에 의하여야만 하는데, 戊는 병리 또는 진단검사의학의 전문의사 자격증을 가진 자에 해당하지 않으므로, 그가 乙의 병명을 두개안면골의 악성신생물 등으로 진단하였더라도 보험약관에서 정한 고액암진단 보험금 지급사유에 해당한다고 보기 어렵다고 한 사례"
대법원2020다232846,2020.10.15,총회결의무효확인등,"[1] 고유 의미의 종중이 공동선조의 후손 중 일부를 임의로 종원에서 배제할 수 있는지 여부(소극) 및 공동선조의 후손 중 특정 범위 내의 종원만으로 조직체를 구성하여 활동하는 단체의 법적 성격(=종중 유사의 권리능력 없는 사단) / 종중유사의 권리능력 없는 사단이 공동선조의 후손 중 일부에 의하여 인위적인 조직행위를 거쳐 성립된 경우, 구성원의 자격이나 가입조건을 자유롭게 정할 수 있는 지 여부(원칙적 적극)[2] 고유 의미의 종중 또는 종중 유사의 권리능력 없는 사단이 당사자능력을 갖는지 판단할 때 기준이 되는 시기(=사실심 변론종결 시) 및 종중 유사의 권리능력없는 사단은 창립총회를 열어 정식의 조직체계를 갖추지 않았더라도 공동의 목적을 달성하기 위하여 공동의 재산을 형성하고 일을 주도하는 사람을 중심으로 계속적으로 사회적인 활동을 하여 왔다면 이미 그 무렵부터 단체로서의 실체가 존재하는지 여부(적극)[3] 망인인 甲이 생전에 자신을 공동선조로 하고 자신의 후예들을 구성원으로 하여 ‘선조의 분묘 수호와 봉제사’ 등을 목적으로 하는 단체(문중)를 설립하면서 자신의 동생들까지 구성원으로 포함시켰는데, 위 문중이 종중 유사의 권리능력 없는 사단으로서 당사자능력이 있는지 문제 된 사안에서, 위 문중이 당사자능력이 있는지는 사실심 변론종결 당시까지 요건을 구비하여 비법인사단으로서 실체를 갖추었는지에 따라 판단하여야 하는데도, 甲사망 전을 기준으로 위 문중이 비법인사단의 단체성을 갖추었는지 여부를 살피고, 甲사망 후 위 문중 구성원들 사이에 재산분쟁이 계속 중이라는 이유만으로 위 문중의 본래 활동이 현재도 전혀 이루어지고 있지 않다고 속단하여 위 문중의 당사자능력을 부정한 원심판단에는 법리오해의 잘못이 있다고 한 사례"
대법원2020다227523,2020.10.15,소유권이전등기ㆍ소유권이전등기,"[1] 화해계약의 창설적 효력 및 민법상 화해계약에 있어서 착오를 이유로 취소할 수 있는 ‘화해의 목적인 분쟁 이외의 사항’의 의미[2] 민법 제109조에 따라 법률행위의 내용의 중요 부분에 착오가 있는 경우, 소취하합의의 의사표시도 취소할 수 있는지 여부(적극) 및 ‘법률행위의 중요 부분의 착오’의 의미 / 착오를 이유로 의사표시를 취소하는 자가 증명하여야 할 사항[3] 채권자의 행위 내지 의사표시의 해석에 의하여 채권의 포기 또는 채무의 면제를 인정할 수 있는지 여부(적극) 및 이때 채권자의 행위 내지 의사표시를 해석하는 방법"
대법원2020다222382,2020.10.15,우선협상대상자지정취소로인한손해배상,"[1] 甲주식회사 등 9개 건설회사로 구성된 컨소시엄이 주무관청인 乙지방자치단체의 장에게 경전철 건설 민간투자사업을 제안하자, 乙지방자치단체의 장이 이를 ‘사회기반시설에 대한 민간투자법’에 따른 민간투자사업으로 추진하기로 결정하고 제3자 제안공고를 한 다음 제출된 제안서들을 검토ㆍ평가하여 최상위평가자인 甲회사 등 컨소시엄을 우선협상대상자로 지정하였는데, 구체적인 사업조건 협상을 진행하던 중 乙지방자치단체의 장이 甲회사 등 컨소시엄의 귀책사유를 이유로 우선협상대상자 지정 취소처분을 하고 차순위협상대상자인 다른 컨소시엄과 협상을 진행하여 그 컨소시엄과 실시협약을 체결하자, 甲회사 등 컨소시엄이 주무관청이 속한 乙지방자치단체를 상대로 ‘사회기반시설에 대한 민간투자법’과 그시행령 등에 따른 제안비용보상금의 지급을 구한 사안에서, 甲회사 등 컨소시엄이 제3자 제안공고에서 제안비용보상금 지급대상자로 정한 ‘차순위평가자가 사업시행자로 지정받았을 경우 최상위평가자’에 해당하지 않는데도, 이에 해당하는 것으로 보아 乙지방자치단체의 甲회사 등 컨소시엄에 대한 제안비용보상금 지급의무를 인정한 원심판단에는 법리오해의 잘못이 있다고 한 사례[2] 행정청의 행위가 항고소송의 대상이 될 수 있는지 판단하는 기준 / 어떠한 처분에 법령상 근거가 있는지, 행정절차법에서 정한 처분절차를 준수하였는지가 소송요건 심사단계에서 고려할 요소인지 여부(소극)[3] 급부를 받을 권리가 법령의 규정에 의하여 직접 발생하는 것이 아니라 급부를 받으려고 하는 자의 신청에 따라 관할 행정청이 지급결정을 함으로써 구체적인 권리가 발생하는 경우, 구체적인 권리가 발생하지 않은 상태에서 곧바로 행정청이 속한 국가나 지방자치단체 등을 상대로 한 당사자소송이나 민사소송으로 급부의 지급을 소구하는 것이 허용되는지 여부(소극)[4] 원고가 고의 또는 중대한 과실 없이 행정소송으로 제기하여야 할 사건을 민사소송으로 잘못 제기하였으나 행정소송으로서의 소송요건을 결하고 있음이 명백한 경우, 수소법원이 취하여야 할 조치(=각하)"
대법원2019다245822,2020.10.15,공용부분인도청구등의소,"[1] 집합건물의 구분소유자가 집합건물의 소유 및 관리에 관한 법률의 관련 규정에 따라 관리단집회 결의나 다른 구분소유자의 동의 없이 공용부분의 전부 또는 일부를 독점적으로 점유ㆍ사용하고 있는 경우, 다른 구분소유자가 공용부분의 보존행위로서 그 인도를 청구할 수 있는지 여부(소극) 및 자신의 지분권에 기초하여 공용부분에 대한 방해 상태를 제거하거나 공동 점유를 방해하는 행위의 금지 등을 청구할 수 있는지 여부(원칙적 적극)"
대법원2019다222041,2020.10.15,부당이득금,"[1] 금융기관과 근저당권설정계약을 체결할 때 작성한 근저당권설정계약서에 금융기관의 여신거래로부터 생기는 모든 채무를 담보하기로 하는 이른바 포괄근저당권을 설정한다는 문언이 기재된 경우, 근저당권설정계약서의 문언에 따라 의사표시의 내용을 해석하여야 하는지 여부(원칙적 적극) / 이때 피담보채무 범위에 관한 의사표시의 해석 방법[2] 민법 제482조 제2항 제1호의 규정 취지 및 보증인이 채무를 변제한 후 저당권 등의 등기에 관하여 대위의 부기등기를 하지 않고 있는 동안 제3취득자가 목적부동산에 대하여 권리를 취득한 경우, 보증인이 제3취득자에 대하여 채권자를 대위할 수 있는지 여부(소극) / 제3취득자가 목적부동산에 대하여 권리를 취득한 후 채무를 변제한 보증인은 대위의 부기등기를 하지 않고도 대위할 수 있다고 보아야 하는지 여부(적극)"
대법원2018다229625,2020.10.15,부당이득반환청구등,"[1] 사실의 인정 및 증거의 취사선택과 평가가 사실심 법원의 전권사항인지 여부(원칙적 적극)[2] 원고가 제1심에서 선택적으로 구한 두 개의 청구 중 1개의 청구가 인용되었는데, 원고가 항소심에서 병합의 형태를 변경하여 제1심에서 심판되지 않은 청구부분을 주위적 청구로, 제1심에서 인용된 위 청구 부분을 예비적 청구로 구하였고항소심이 주위적 청구가 이유 있다고 인정하는 경우, 결론이 제1심판결의 주문과 동일하더라도 새로이 청구를 인용하는 주문을 선고하여야 하는지 여부(적극)"
대법원2018다213811,2020.10.15,손해배상(기),"[1] 제3자의 행위로 발생한 사고로 인하여 피보험자에게 보험목적물과 보험목적물이 아닌 재산에 모두 손해가 발생하여 피보험자가 보험목적물에 관하여 보험금을 수령한 경우, 피보험자가 제3자에게 청구할 수 있는 손해배상액을 판단하는 방법[2] 甲이 乙보험회사와 매장 내 물품을 보험목적물로 하는 보험계약을 체결한 후 丙이 소유한 건물의 지붕 보강 공사 중 발생한 화재로 인하여 甲의 매장 내물품뿐만 아니라 가설창고 내 물품 등이 소훼되는 손해가 발생하였는데, 甲이 乙회사로부터 보험목적물에서 발생한 손해 전액에 대해서 보험금을 지급받은 후 丙을 상대로 손해배상을 구한 사안에서, 甲은 보험목적물인 매장 내 물품에서 발생한 손해에 대해서는 丙에게 배상을 청구할 수 없고, 보험목적물이 아닌 재산 등에서 발생한 손해액 중 丙의 손해배상책임액만큼 丙에게 배상을 청구할 수 있다고 한 사례"
대법원2018다209157,2020.10.15,공사대금지급청구의소,"[1] 건설공사의 도급계약을 체결할 때 도급금액 산출내역서에 명시한 건강보험료 등이 실제로 지출된 보험료보다 많은 경우, 발주자가 초과하는 금액을 정산할 수 있는지 여부(원칙적 적극) 및 이는 공공건설공사에서도 마찬가지인지 여부(적극)[2] 국가를 당사자로 하는 계약에 관한 법률 시행령 제73조 제1항, 제2항, ‘정부입찰ㆍ계약 집행기준’ 제93조가 건강보험료 등을 사후 정산하는 조건으로 계약을 체결하지 않은 공공건설공사에서 건설산업기본법과 그 시행령에서 정한 건강보험료 등의 정산을 금지하거나 제한하는 규정인지 여부(소극)"
대법원2017다278446,2020.10.15,손해배상(기),"[1] 가해자가 행한 불법행위로 피해자가 채무를 부담하게 된 경우, 그 채무액상당의 손해배상을 구하기 위한 요건 및 이때 현실적으로 손해가 발생하였는지 판단하는 방법[2] 가해자가 행한 불법행위로 인하여 피해자에게 행정처분이 부과되고 확정되어 그 이행에 비용이 발생하는 경우, 행정처분 당시 위 비용 상당의 손해가 현실적으로 발생하였다고 볼 수 있는지 여부(원칙적 적극) / 행정처분이 있은 후 행정처분을 이행하기 어려운 장애사유가 있어 오랫동안 이행이 이루어지지 않았고 행정관청에서도 이러한 사정을 참작하여 이행을 강제하기 위한 조치를 취하지 않고 불이행된 상태를 방치하는 등 특별한 사정이 있는 경우, 행정처분의 이행에 따른 비용 상당의 손해가 현실적ㆍ확정적으로 발생하였다고 보기 위해서는 행정처분의 존재뿐만 아니라 행정처분의 이행가능성과 이행필요성이 인정되어야 하는지 여부(적극) / 위 손해의 발생 사실에 관한 증명책임의 소재(=행정처분을 받은 피해자)[3] 甲등이 토지 위에 건축물을 신축하면서 乙지방자치단체에 건축신고를 하였는데, 乙지방자치단체 소속 공무원이 위 토지가 군사기지 및 군사시설 보호법상 폭발물 관련 제한보호구역으로 지정되어 있었음에도 관할부대장에게 협의요청을 하지 않은 채 건축신고를 수리하였고, 이후 관할부대장이 공사중지 등을 요청하여 乙지방자치단체가 甲에게 건축물 신축을 중지하라는 명령을 내리자, 甲등이 乙지방자치단체를 상대로 건축신고 수리가 적법하게 이루어진 것으로 믿고건축물의 신축에 이르렀다가 이를 철거해야 할 의무를 지게 되었다는 이유로 손해배상을 구한 사안에서, 乙지방자치단체 소속 공무원의 과실은 인정되나, 원심변론종결 시점까지 위 건축물에 관한 사용승인이 반려된 상태가 지속되고 있다는 점만으로 甲등에게 가까운 장래에 위 건축물의 철거 내지 이를 전제로 하는 손해의 결과가 현실적ㆍ확정적으로 발생하였다고 단정하기 어렵다고 한 사례"
대법원2017다228441,2020.10.15,배당이의및청구이의및채무부존재확인,"[1] 채무자가 가집행선고 있는 제1심판결을 가진 채권자를 상대로 채권의 존부와 범위를 다투기 위해 제기한 배당이의의 소가 적법한지 여부(소극) / 배당이의 소송 도중 가집행선고 있는 제1심판결이 항소심에서 전부 취소되어 확정된 경우, 위와 같은 배당이의의 소의 하자가 치유되는지 여부(적극) 및 이러한 배당이의의 소의 하자 치유 여부는 사실심 변론종결일을 기준으로 판단하여야 하는지 여부(원칙적 적극) / 위와 같은 제1심판결의 취소가 배당이의 사유가 되는지 여부(적극)[2] 배당절차에서 채무자가 갖는 잉여금채권에 대해 압류와 추심명령을 받은 채권자가 집행력 있는 집행권원의 정본을 가진 채권자를 상대로 청구이의의 소를 제기할 수 있는지 여부(적극)"
대법원2017다216523,2020.10.15,배당이의,"[1] 배당요구의 종기까지 적법한 배당요구를 하지 않은 채 배당기일에 출석하여 배당표에 대한 이의를 신청한 채권자에게 배당이의의 소를 제기할 원고적격이 있는지 여부(소극)[2] 배당이의의 소의 제소기간(=배당기일부터 1주일 이내) 및 소송 도중에 배당이의의 소로 청구취지를 변경한 경우, 제소기간을 준수하였는지를 판단하는 기준시점(=청구취지 변경신청서를 법원에 제출한 때)[3] 집행력 있는 정본을 가진 채권자 등이 배당요구의 종기까지 적법한 배당요구를 하지 않아 배당에서 제외된 경우, 배당금을 수령한 다른 채권자를 상대로 부당이득반환청구를 할 수 있는지 여부(소극)"
대법원2019두61717,2020.10.15,재해위로금부지급처분취소,개정 산업재해보상보험법에 따라 ‘진폐유족연금’을 받는 유족이 구 석탄산업법 시행령(1993. 3. 6. 대통령령 제13870호로 개정되기 전의 것) 제41조 제3항 제5호(이하 ‘이 사건 조항’이라 한다)에 따른 유족보상일시금 상당액의 재해위로금 지급 대상에 해당하는지 여부(적극)
서울중앙지방법원2018나58457,2020.10.14,손해배상(의),"[1] 甲이 운영하는 병원의 의사인 乙이 추간판 탈출증 관련 수술을 하던 중 乙의 의료상 과실로 丙에게 족하수라는 후유장애가 발생하였는데, 이에 따른 丙의 손해액 산정을 위한 노동능력상실률 평가 기준이 문제 된 사안에서, 맥브라이드 평가표가 아니라 대한의학회 장애평가기준을 통일적인 기준으로 삼아 노동능력상실률을 평가하여야 한다고 한 사례"
울산지방법원2018가합21063,2020.10.07,임금,"연봉제 전환 이후 미지급한 가족수당 등을 지급하라며 회사를 상대로 제기한 소송에서, 호봉제에서 존재하던 임금 항목이 연봉제에서도 유지되어야 하는 것은 아니며, 연봉제 이후 임금이 가족수당 금액만큼 감소되었다고 인정할 만한 증거도 없다며 원고들의 청구를 기각한 사례."
창원지방법원2020고정111,2020.10.06,개인정보보호법위반,"[1] 경찰공무원인 피고인이, 경찰 내부 통합포털시스템인 ‘폴넷(POL NET)’ 게시판에 甲등 경찰공무원 22명이 작성한 댓글이 피고인의 명예를 훼손하였다는 이유로 이들을 고소하면서 경찰청 표준인사시스템인 ‘e사람’에 접속한 후 ‘직원조회’메뉴에 성명을 입력하여 위 22명의 휴대전화번호를 알아낸 다음 이를 고소장에 기재하여 수사기관에 제출함으로써 개인정보를 처리하거나 처리하였던 자로서 업무상 알게 된 개인정보를 누설하고 권한 없이 개인정보를 유출하였다고 하여 개인정보 보호법 위반으로 기소된 사안에서, 피고인의 행위가 개인정보의 누설이나 유출에 해당하지 않는다는 이유로 무죄를 선고한 사례"
울산지방법원2018구합7536,2020.09.24,국가기술자격 응시자격 정지처분 취소,"국가기술자격시험 부정행위를 공모했지만, 응시 포기로 실제 실행하지 않은 수험생에게 향후의 응시자격까지 박탈하는 것은 부당하다고 한 사례"
대법원2020도8978,2020.09.24,아동ㆍ청소년의성보호에관한법률위반(음란…,"[1] 구 아동ㆍ청소년의 성보호에 관한 법률 제11조 제2항에서 규정한 ‘영리의 목적’의 의미와 범위 / 사설 인터넷 도박사이트를 운영하는 사람이, 먼저 소셜 네트워크 서비스 앱에 오픈채팅방을 개설하여 아동ㆍ청소년이용음란 동영상을 게시하고 1:1 대화를 통해 불특정 다수를 위 오픈채팅방 회원으로 가입시킨 다음, 그 오픈채팅방에서 자신이 운영하는 도박사이트를 홍보하면서 회원들이 가입 시 입력한 이름, 전화번호 등을 이용하여 전화를 걸어 위 도박사이트 가입을 승인해주는 등의 방법으로 가입을 유도하고 그 도박사이트를 이용하여 도박을 하게 한 경우, 영리를 목적으로 도박공간을 개설한 행위가 인정되는지 여부(적극) 및 영리를 목적으로 아동ㆍ청소년이용음란물을 공연히 전시한 행위도 인정되는지 여부(적극)"
대법원2017도19283,2020.09.24,업무방해,"[1] 업무방해죄의 성립에 업무방해의 결과가 실제로 발생함을 요하는지 여부(소극)[2] 신청을 받아 자격요건 등을 심사하여 수용 여부를 결정하는 업무의 담당자에게 신청인이 허위의 주장을 하면서 이에 부합하는 허위의 소명자료를 첨부하여 제출한 행위가 위계에 의한 업무방해죄를 구성하는 경우[3] 피고인 甲, 乙이 공모하여, 피고인 甲은 丙고등학교의 학생 丁이 약 10개월동안 총 84시간의 봉사활동을 한 것처럼 허위로 기재된 봉사활동확인서를 발급받아 피고인 乙에게 교부하고, 피고인 乙은 이를 丁의 담임교사를 통하여 丙학교에 제출하여 丁으로 하여금 2010년도 학교장 명의의 봉사상을 수상하도록 하는 방법으로 위계로써 학교장의 봉사상 심사 및 선정 업무를 방해하였다는 내용으로 기소된 사안에서, 피고인들에게 무죄를 선고한 원심판단에 업무방해죄의 성립에 관한 법리오해의 위법이 있다고 한 사례"
대법원2017도12389,2020.09.24,뇌물공여ㆍ뇌물수수,"[1] 뇌물죄에서 뇌물공여자의 특정 방법 및 금품이나 재산상 이익 등이 반드시 공여자와 수뢰자 사이에 직접 수수되어야 하는지 여부(소극)[2] 공무원인 피고인 甲은 피고인 乙로부터 “선물을 할 사람이 있으면 새우젓을 보내 주겠다.”라는 말을 듣고 이를 승낙한 뒤 새우젓을 보내고자 하는 사람들의 명단을 피고인 乙에게 보내 주고 피고인 乙로 하여금 위 사람들에게 피고인 甲의 이름을 적어 마치 피고인 甲이 선물을 하는 것처럼 새우젓을 택배로 발송하게 하고 그 대금을 지급하지 않는 방법으로 직무에 관하여 뇌물을 교부받고, 피고인 乙은 피고인 甲에게 뇌물을 공여하였다는 내용으로 기소된 사안에서, 피고인 乙의새우젓 출연에 의한 피고인 甲의 영득의사가 실현되어 형법 제129조 제1항의 뇌물공여죄 및 뇌물수수죄가 성립하고, 공여자와 수뢰자 사이에 직접 금품이 수수되지 않았다는 사정만으로 이와 달리 볼 수 없다고 한 사례"
대법원2016도17349,2020.09.24,문화재수리등에관한법률위반,"[1] 문화재수리기술자ㆍ문화재수리기능자가 그 자격에 따른 직무를 수행하지 아니하면서 다른 사람에게 문화재수리기술자;6ㆍ문화재수리기능자 자격증을 빌려주어 마치 문화재수리업과 관련하여 문화재수리기술자ㆍ문화재수리기능자가 실제로 고용되어 문화재수리기술자격에 따른 직무를 수행하는 것처럼 가장함으로써 부정한 방법으로 등록을 받아 문화재수리업을 하도록 한 경우, 문화재수리 등에 관한 법률 제58조 제3호, 제10조 제3항, 제12조 내지 구 문화재수리 등에 관한 법률 제59조 제2호, 제10조 제3항, 제12조에서 금지하는 문화재수리기술자ㆍ문화재수리기능자 자격증을 대여하는 행위에 해당하는지 여부(적극) / 이는 문화재수리업과 관련하여 다른 사람이 적극적으로 문화재수리기술자ㆍ문화재수리기능자인 것처럼 행세하여 직무를 수행하지 아니하였더라도 마찬가지인지 여부(적극)"
대법원2016두38112,2020.09.24,종합소득세부과처분취소등,"[1] 국세기본법 제40조에 규정된 법인의 제2차 납세의무제도의 취지 및 그 적용 요건은 엄격하게 해석하여야 하는지 여부(적극) / 출자자의 소유주식 등에 대하여 법률 등에 의한 양도 제한 이외의 사유로 국세징수법에 의한 압류 등 체납처분절차가 제한되는 경우, 국세기본법 제40조 제1항 제2호에서 정한 ‘법률에 의하여 출자자의 소유주식 등의 양도가 제한된 경우’에 해당하는지 여부(소극)"
대법원2020두31699,2020.09.24,재해위로금지급청구,"[1] 폐광대책비의 일환으로 폐광된 광산에서 업무상 재해를 입은 근로자에게 지급되는 재해위로금의 성격 및 산재보험급여와 서로 조정의 대상이 될 수 있는지 여부(소극)[2] 폐광된 광산에서 업무상 재해를 입은 근로자가 폐광 및 퇴직 후 업무상 재해로 사망한 경우, 구 석탄산업법 시행령 제41조 제3항 제5호에 따른 유족보상일 시금 상당의 재해위로금 수급권은 민법의 상속에 관한 규정에 따라 그 상속인이 상속하는지 여부(적극)"
헌법재판소2019헌마1285,2020.09.24,본문을 읽어보삼,기소유예처분취소
헌법재판소2020헌마130,2020.09.24,본문을 읽어보삼,기소유예처분취소
헌법재판소2018헌마1224,2020.09.24,본문을 읽어보삼,기소유예처분취소
헌법재판소2018헌바383,2020.09.24,본문을 읽어보삼,형법 제330조 위헌소원
헌법재판소2019헌바130,2020.09.24,본문을 읽어보삼,헌법재판소법 제75조 제8항 위헌소원
헌법재판소2018헌바171,2020.09.24,본문을 읽어보삼,성폭력범죄의 처벌 등에 관한 특례법 제3조 제1항 위헌소원
헌법재판소2018헌마444,2020.09.24,본문을 읽어보삼,제주특별자치도 설치 및 국제자유도시 조성을 위한 특별법 제66조 제2항 위헌확인
헌법재판소2018헌바239,2020.09.24,본문을 읽어보삼,도시 및 주거환경정비법 제40조 제1항 등 위헌소원
헌법재판소2017헌바412,2020.09.24,본문을 읽어보삼,공인회계사법 제11조 등 위헌소원
헌법재판소2017헌마643,2020.09.24,본문을 읽어보삼,군인보수법 제2조 제1항 위헌확인
헌법재판소2017헌마498,2020.09.24,본문을 읽어보삼,조세특례제한법 시행령 부칙 제23조 제1항 위헌확인
헌법재판소2016헌마889,2020.09.24,본문을 읽어보삼,국적법 제12조 제2항 본문 등 위헌확인
헌법재판소2018헌가15,2020.09.24,본문을 읽어보삼,공직선거법 제57조 제1항 제1호 다목 위헌제청
헌법재판소2018헌마739,2020.09.24,본문을 읽어보삼,변호사시험법 제7조 제1항 등 위헌확인
헌법재판소2017헌바157,2020.09.24,본문을 읽어보삼,군인사법 제57조 제2항 제2호 위헌소원
헌법재판소2019헌마472,2020.09.24,본문을 읽어보삼,병역법 제34조 제3항 단서 위헌확인
헌법재판소2017헌바433,2020.09.24,근로기준법 제60조 제1항 등 위헌소원,"○ 근로조건인 연차 유급휴가와 관련하여 어떠한 제도를 택할 것인지 등은 입법자가 여러 가지 사회적·경제적 여건 등을 고려하여 정할 것이므로, 심판대상조항이 사용자의 직업수행의 자유를 침해하는지 여부에 대하여는 과잉금지원칙 위반 여부로 심사할 경우에도 그 강도를 완화할 필요가 있다.○ 심판대상조항은 일정기간 출근한 근로자에게 일정기간 유급으로 근로의무를 면제함으로써 정신적·육체적 휴양의 기회를 제공하고 문화적 생활의 향상을 기하기 위한 것으로 그 입법목적이 정당하며, 1년간 80% 이상 출근한 근로자에게 15일의 유급휴가를 주되 3년 이상 계속하여 근로한 근로자에게 25일을 한도로 하여 최초 1년을 초과하는 계속 근로 연수 매 2년에 대하여 1일을 가산한 유급휴가를 주도록 한 것은 그와 같은 입법목적 달성을 위한 적합한 수단에 해당한다.○ 근로기준법상 연차 유급휴가 규정은 당해 연도가 아닌 전년도 80%의 출근율을 기준으로 함으로써 근로 보상적 시각에서 제도화되었다. 연차 유급휴가는 근로자의 정신적·육체적 휴양의 필요성에 기초한 것으로 기본적으로는 상당기간 계속되는 근로의무의 이행과 불가분의 관계에 있고, 직전 연도의 근속과 출근에 대한 근로 보상적인 성격을 가지고 있음을 부인하기 어렵다. 그렇다면 이로 인한 사용자의 금전적 부담은 전년도에 제공받은 근로에 대한 대가를 당해 연도에 지급하는 것으로 볼 수 있다. 그럼에도 연차 유급휴가의 성립에 당해 연도 출근율을 요건으로 추가한다면 이는 과거의 근로에 대한 보상이라는 연차 유급휴가 제도의 취지에 반하게 될 것이다.○ 근로기준법은 근로자가 업무상의 부상 또는 질병으로 휴업한 기간을 출근한 것으로 본다는 점, 연차 유급휴가는 1년간 사용하지 않으면 소멸되며, 연차 유급휴가 미사용 수당은 3년의 시효로 소멸하므로 이로 인한 사용자의 부담 또한 그 시효완성과 함께 소멸한다는 점까지 고려하면 이 조항이 과잉금지원칙에 위배되어 청구인의 직업수행의 자유를 침해한다고 보기 어렵다."
서울고등법원2020나2016462,2020.09.23,매매대금,"[1] 甲주식회사와 乙주식회사가 체결한, ‘甲회사는 乙회사에 현재 보유하고 있는 암호화폐를 시장가격에 상관없이 약정한 가격에 매도하기로 하되, 매매대금의 지급일은 서로 협의하여 연장할 수 있고, 거래의 신뢰를 위해 암호화폐는 丙에게 맡겨 보관한다’는 내용의 계약에 따라 甲회사로부터 전송받은 암호화폐를 보관하던 丙이 두 회사 사이의 매매대금 지급시한 연장을 위한 협의가 최종 결렬된 후 암호화폐를 甲회사에 반환하였는데, 甲회사가 乙회사를 상대로 매매대금과 지연손해금의 지급을 구하자 乙회사가 동시이행의 항변을 한 사안에서, 제반 사정에 비추어 乙회사의 동시이행항변은 이유 있고, 甲회사가 새로이 암호화폐를 인도하거나 적법한 이행제공을 하기 전까지 乙회사의 매매대금 지급의무 이행지체로 인한 지연손해금은 발생하지 않는다고 한 사례"
서울중앙지방법원2017가단5068314,2020.09.23,손해배상(기)ㆍ손해배상(기),"[1] 연예인인 甲이 영화감독인 乙과 영화 출연 계약을 체결하고 영화 촬영을 하던 중 乙의 설득으로 가슴 전면 노출 장면을 촬영하였는데, 촬영 후 甲이 위 장면에 대한 삭제를 요청하여 위 장면이 삭제된 영화가 극장에 상영되었으나, 1년 후 甲의 가슴 노출 장면을 포함한 위 영화의 무삭제판이 반포되자, 甲이 乙을 상대로 인격권(초상권) 등 침해에 따른 손해배상을 구한 사안에서, 乙은 甲의 동의 없이 성적 수치심을 일으키는 甲의 가슴 노출 장면이 포함된 위 영화의 무삭제판을 반포함으로써 甲의 초상권을 침해하는 불법행위를 저질렀으므로, 이로 인하여 甲이 입은 정신적 손해를 배상할 의무가 있다고 한 사례"
서울행정법원2019구합62826,2020.09.18,유족급여및장의비부지급처분취소,업무상 스트레스로 자살에 이르게 되었다고 보아 업무 사이의 상당인과관계를 인정한 사례
서울중앙지방법원2013가합74313,2020.09.18,증권관련집단소송,"[1] 해외 플랜트 사업 등을 영위하는 甲주식회사가 전년도 사업보고서를 공시한 후 ‘원가점검 결과 향후 영업손실 발생이 전망된다’는 취지의 잠정실적을 공시하였고, 이에 甲회사의 주가가 급격히 하락하였는데, 위 기간 甲회사의 주식을 취득하였다가 손해를 입은 乙등이 甲회사를 상대로 자본시장과 금융투자업에 관한 법률 제162조에 따른 손해배상을 구한 사안에서, 해외 플랜트 사업의 특성 등제반 사정에 비추어, 사업보고서에 첨부된 재무제표 중 중요사항에 관하여 거짓의 기재 또는 표시가 있거나 중요사항이 기재 또는 표시되지 아니하였다는 점을 인정할 수 없다고 본 사례"
서울중앙지방법원2014가합535259,2020.09.17,주주대표소송(손해배상),"[1] 甲주식회사가 ‘4대강 살리기 사업’과 관련된 건설공사의 입찰에 참여하면서 乙주식회사 등과 사전에 위 사업의 지분을 서로 협의하여 배분하는 등 담합행위를 하였다는 이유로 공정거래위원회로부터 과징금을 부과받는 등 손해를 입자, 甲회사 발행주식 총수의 100분의 1 이상의 주식을 소유한 주주들인 丙등이 위 담합행위 당시 甲회사의 대표이사였던 丁과 이사였던 戊등을 상대로 손해배상을 구하는 대표소송을 제기한 사안에서, 丁은 甲회사의 대표이사로서 담합을 미연에 방지할 의무가 있는데도 이를 해태하여 위 담합에 이르게 한 것으로 보이므로 상법 제399조 제1항에 따라 위 담합행위로 甲회사가 입은 손해를 배상할 책임이 있으나, 戊등의 경우는 丙등이 주장하는 내부통제시스템 구축 및 운영 등의 감시의무를 해태하였다고 인정할 수 없으므로 손해배상책임이 없다고 한 사례"
대구지방법원서부지원2020카합5081,2020.09.16,부동산명도단행가처분,"[1] 甲주택재개발정비사업조합이 관리처분계획인가의 고시가 이루어진 후 정비사업 대상 부지 내의 주거용 건축물에서 거주하고 있는 乙등을 상대로 부동산 인도를 구하는 가처분을 신청한 사안에서, 甲조합이 주거이전비, 이사비의 손실보상을 완료하지 않았으므로 乙등을 상대로 사용수익권에 근거한 인도청구를 할 수 없다고 한 사례"
서울행정법원2019구합54993,2020.09.11,유족급여및장의비부지급처분취소,캄보디아에서 근무하다가 인플루엔자 바이러스에 감염되어 폐렴 등으로 사망한 근로자에 대하여 사망과 업무 사이의 상당인과관계를 인정한 사례
서울행정법원2017구합84082,2020.09.11,유족급여 및 장의비 부지급처분취소,반도체 LCD 공장에서 일하다가 폐암으로 사망한 노동자에 대해 산업재해를 인정한 사례
대구지방법원2020가합201402,2020.09.10,직무상요양급여 수급권자지위 확인 청구,사립학교 교직원이 점심시간 중 외부 식당으로 이동 중 발생한 부상은 업무상 재해에 해당한다고 판단한 사례
전주지방법원2019구단842,2020.09.09,유족급여및장의비부지급처분취소,"[1] 甲이 공사현장에서 굴삭기를 운전하던 중 굴삭기가 전복되는 사고를 당하여 사망하자, 甲의 배우자 乙이 유족급여 및 장의비 청구를 하였으나 근로복지공단이 “甲이 유한회사 丙건설의 대표이사로서 근로자라고 보기 어렵고, 위 사고는 건설기계 운전면허가 없는 甲이 굴삭기를 운전하다가 발생한 것으로 무면허운전을 주된 원인으로 하는 불법행위에 기인한 것이므로 업무상 재해로 인정할 수 없다.”라는 이유로 유족급여 및 장의비 부지급 결정 처분을 한 사안에서, 甲은 丙건설회사의 근로자로서 업무를 수행하던 중 위 사고로 사망하였고, 업무수행과 위 사고 사이에는 상당인과관계가 인정되므로 이와 다른 전제에서 근로복지공단이 한 위처분은 위법하다고 한 사례"
제주지방법원2020구합5267,2020.09.08,유족급여및장의비부지급처분취소,"[1] 甲이 승용차를 운전하여 사무실로 출근하다가 통상적인 출근 경로상에 위치한 교차로 앞 정지선에서 45초간 정차하였다가 적색신호임에도 그대로 진입하여 북쪽에서 남쪽으로 직진하던 중 신호에 따라 같은 교차로를 서쪽에서 동쪽으로 운행하던 버스와 충돌하는 교통사고로 사망하자 배우자 乙이 유족급여 및 장의비지급청구를 하였으나, 근로복지공단이 ‘재해의 주된 원인은 甲의 교통사고처리 특례법 제3조 제2항 제1호 신호위반에 따른 법률 위반 행위로 인한 것이므로 사고원인이 甲의 전적 또는 주된 행위에 의해 발생한 재해로 관련 법령에 따른 업무상 재해로 인정할 수 없다’는 이유로 유족급여 및 장의비 부지급 결정을 한 사안에서, 비록 甲에게 과실이 일부 있었더라도 위 교통사고로 인한 재해가 오로지 또는 주로 甲의 범죄행위로 발생한 것이라고 할 수 없는 이상 산업재해보상보험법 제37조 제2항 본문의 적용 대상에 해당하지 않는다는 이유로, 위 처분은 처분사유가 인정되지 않아 위법하다고 한 사례"
대법원2020두38744,2020.09.07,조합설립인가처분취소,"[1] 재개발조합 설립인가 신청을 받은 행정청이 도시 및 주거환경정비법 제35조 제2항에서 정한 토지 등 소유자 동의 요건이 충족되었는지 심사하는 방법 및 재개발사업 추진위원회가 도시 및 주거환경정비법 시행규칙 제8조 제3항에 규정된 [별지 제6호 서식] ‘조합설립동의서’에 의하여 토지 등 소유자로부터 조합설립 동의를 받은 경우, 서식에 토지 등 소유자별로 구체적인 분담금 추산액이 기재되지 않았다거나 추진위원회가 그 서식 외에 토지 등 소유자별로 분담금 추산액 산출에 필요한 구체적인 정보나 자료를 충분히 제공하지 않았다는 사정만으로 개별 토지등 소유자의 조합설립 동의를 무효라고 볼 수 있는지 여부(소극)"
대법원2020다237100,2020.09.07,조합원지위부존재등청구의소,"[1] 지역주택조합의 조합원 자격에 관한 구 주택법이나 그 시행령 등의 규정이 당사자의 의사에 의하여 적용을 배제할 수 있는 규정인지 여부(소극)[2] 지역주택조합의 조합규약의 법적 성격과 해석 방법[3] 당사자가 표시한 문언에 의하여 그 객관적 의미가 명확하게 드러나지 않는 경우, 법률행위의 해석 방법[4] 甲지역주택조합의 조합원인 乙이 조합주택 입주가능일이 도래하기 전에 구주택법과 구 주택법 시행령 등에서 정한 세대주 자격을 상실하였다며 甲조합을 상대로 조합원 지위 부존재 확인 등을 구한 사안에서, 구 주택법 제32조 제7항, 구 주택법 시행령 제38조 제1항 제1호, 제2항과 조합규약의 규정 내용 및 조합가입계약의 내용 등을 종합하면, 乙은 세대주 자격상실로 조합원 자격을 상실하여 더 이상 甲조합의 조합원이 아니라고 봄이 타당한데도, 甲조합이 가입계약을 해지하지 않은 이상 乙이 甲조합의 조합원 지위를 상실하지 않았다고 본 원심판단에는 법리오해 등의 잘못이 있다고 한 사례"
대법원2017다204810,2020.09.07,점포인도등,"[1] 구분건물로 등기된 1동의 건물 중 일부에 해당하는 구분건물들 사이에서 구조상의 구분이 소멸되는 경우, 그 구분건물에 해당하는 일부 건물 부분의 소유관계(=종전 구분건물 등기명의자의 공유) 및 위 일부 건물 부분과 나머지 구분건물들로 구성된 1동의 건물 전체가 집합건물의 소유 및 관리에 관한 법률의 적용을 받는지 여부(적극) / 공유자 사이에 공유물을 사용ㆍ수익할 구체적인 방법을 정하는 것이 공유자 지분의 과반수로써 결정하여야 하는 공유물의 관리에 관한 사항인지 여부(적극)[2] 공유물의 소수지분권자가 다른 공유자와 협의 없이 공유물의 전부 또는 일부를 독점적으로 점유ㆍ사용하고 있는 경우, 다른 소수지분권자가 공유물의 보존행위로서 공유물의 인도를 청구할 수 있는지 여부(소극) 및 자신의 지분권에 기초하여 공유물에 대한 방해 상태를 제거하거나 공동 점유를 방해하는 행위의 금지등을 청구할 수 있는지 여부(적극)[3] 상가건물의 시설관리와 임대대행권을 취득한 甲주식회사가 위 상가건물의 구분소유자 전체의 동의를 받지 아니하고 상가 4, 5층의 내부시설을 철거한 후 사우나를 설치함으로써 그 구분점포들 사이의 구분이 폐지되었는데, 구분폐지되어 하나의 공유물이 된 전유부분에 대한 공유지분 과반수의 동의를 얻지 못한 채 구분폐지 전 구분소유자였던 공유지분권자로부터 점유할 권리를 이전받은 乙이 4층 전유부분 중 일부인 매점 및 식당 부분을 단독으로 점유ㆍ사용하자 4층 일부의 구분점포에 관한 소유권이전등기를 마친 丙이 乙을 상대로 매점 및 식당 부분의 인도를 구한 사안에서, 소수지분권자인 丙으로서는 위 전유부분에 한하여 그 공유지분권에 따라 공유물의 보존행위로서 매점 및 식당 부분을 단독으로 점유하는 乙을 상대로 방해 상태를 제거하거나 공동 점유를 방해하는 행위의 금지 등을 청구할 수 있으나 매점 및 식당 부분의 인도는 구할 수 없다고 한 사례"
부산고등법원2020노52,2020.09.07,특정경제범죄가중처벌등에관한법률위반(배…,"[1] 甲주식회사의 실제 운영자인 피고인이 乙로부터 사업자금 명목으로 돈을 차용한 후 乙에게 위 채무에 대한 담보로 甲회사의 丙주식회사에 대한 대여금 채권을 양도하였음에도 제3채무자인 丙회사에 채권양도통지를 하지 아니한 채 丙회사에 위 채권 일부의 변제를 요구하여 丙회사로부터 甲회사 명의의 계좌로 그일부 변제금을 송금받아 이를 피고인이 운영하는 丁주식회사의 사업자금 등으로 사용함으로써 乙의 재물을 횡령하였다고 하여 특정경제범죄 가중처벌 등에 관한 법률 위반(횡령)으로 기소된 사안에서, 피고인이 변제받은 위 돈은 甲회사의 소유이고 乙의 소유가 될 수 없어 피고인이 乙의 재물을 횡령하였다고 볼 수 없다고 한 사례"
대법원2016다235480,2020.09.03,퇴직금청구의소,회사측의 요청에 의한 퇴직금 중간정산 약정 합의가 적법하다고 인정한 사례
대법원2020도8358,2020.09.03,마약류관리에관한법률위반(향정)ㆍ마약류…,"[1] 양형부당을 상고이유로 할 수 없는 사건에서, 사실심법원이 양형의 기초 사실에 관하여 사실을 오인하였다거나 양형의 조건이 되는 정상에 관하여 심리를 제대로 하지 않았다는 주장이 적법한 상고이유에 해당하는지 여부(소극) / 사실심법원이 갖는 양형재량의 내재적 한계 / 사실심법원이 피고인에게 공소가 제기된 범행을 기준으로 형법 제51조가 정한 양형조건으로 포섭되지 않는 별도의 범죄사실에 해당하는 사정에 관하여 합리적인 의심을 배제할 정도의 증명력을 갖춘 증거에 따라 증명되지 않았는데도 핵심적인 형벌가중적 양형조건으로 삼아 형의 양정을 함으로써 피고인에 대하여 사실상 공소가 제기되지 않은 범행을 추가로 처벌한 것과 같은 실질에 이른 경우, 그 부당성을 다투는 피고인의 주장이 적법한 상고이유에 해당하는지 여부(적극)[2] 피고인이 메트암페타민(필로폰)을 수수하고 투약하였다는 내용의 마약류 관리에 관한 법률 위반(향정)으로 기소되어 제1심 및 원심에서 각 유죄로 인정되었는데, 원심판결 이유 중 ‘양형의 이유’란에 피고인에게 공소가 제기되지 않았고 따로 양형조건도 될 수 없는 사실인 필로폰 ‘판매’가 양형사유처럼 기재된 부분이 있는 사안에서, 원심은 제1심과 비교하여 양형조건에 실질적인 변화가 없는 상태에서 필로폰 ‘판매’를 양형사유로 기재하지 않은 제1심과 같은 형을 정하여 선고하였으므로, 위 필로폰 판매 사실을 핵심적인 형벌가중적 양형조건으로 삼아 양형에 반영하였다고 보기 어려운 점에 비추어, 원심이 피고인에 대하여 사실상 공소가 제기되지 않은 필로폰 판매 범행을 추가로 처벌한 것과 같은 실질에 이르렀다고 볼 수 없다고 한 사례"
대법원2020도8055,2020.09.03,병역법위반,"[1] 이른바 양심적 병역거부의 의미 / 진정한 양심에 따른 병역거부가 병역법 제88조 제1항에서 정한 ‘정당한 사유’에 해당하는지 여부(적극) 및 이때 진정한 양심의 증명 방법 / 정당한 사유의 부존재에 대한 증명책임 소재(=검사) 및 검사가 증명책임을 다하였는지 판단할 때 고려하여야 할 사정[2] 여호와의 증인 신도임을 주장하는 피고인이 지방병무청장 명의의 현역병 입영통지서를 받고도 종교적 양심을 이유로 입영일부터 3일이 지나도록 입영하지 않고 병역을 거부하여 병역법 위반으로 기소된 사안에서, 제반 사정에 비추어 병역거부 당시 피고인의 종교적 신념이 깊거나 확고하다고 볼 수 없고, 진정한 양심에 따른 병역거부로 보기 어렵다는 이유로 피고인에게 유죄를 인정한 원심판결이 정당하다고 한 사례"
대법원2020도7625,2020.09.03,아동학대범죄의처벌등에관한특례법위반(아…,"[1] 아동복지법상 아동의 보호자가 아동을 방임함으로써 아동복지법 제71조 제1항 제2호를 위반하였는지 판단할 때 고려하여야 할 사항 및 특히 보호자가 친권자 또는 이에 준하는 주양육자인 경우 중요하게 고려해야 할 사항[2] 아동 甲(당시 1세)의 친아버지인 피고인이 甲을 양육하면서 집안 내부에 먹다 남은 음식물 쓰레기, 소주병, 담배꽁초가 방치된 상태로 청소를 하지 않아 악취가 나는 비위생적인 환경에서 甲에게 제대로 세탁하지 않아 음식물이 묻어있는 옷을 입히고, 목욕을 주기적으로 시키지 않아 몸에서 악취를 풍기게 하는 등으로 甲을 방임하였다고 하여 아동복지법 위반으로 기소된 사안에서, 친권자인 피고인이 甲에 대하여 의식주를 포함한 기본적인 보호ㆍ양육ㆍ치료 및 교육을 소홀히 하는 방임행위를 하였다고 본 원심판단이 정당하다고 한 사례"
대법원2015도1927,2020.09.03,업무방해ㆍ퇴거불응,"[1] 수급인 소속 근로자의 쟁의행위가 도급인의 사업장에서 일어나 도급인의 형법상 보호되는 법익을 침해한 경우, 사용자인 수급인에 대한 관계에서 쟁의행위의 정당성을 갖추었다는 사정만으로 사용자가 아닌 도급인에 대한 관계에서까지 법령에 의한 정당한 행위로서 법익 침해의 위법성이 조각되는지 여부(소극) / 사용자인 수급인에 대한 정당성을 갖춘 쟁의행위가 도급인의 사업장에서 이루어져 형법상 보호되는 도급인의 법익을 침해하였더라도 형법 제20조의 ‘사회상규에 위배되지 아니하는 행위’로서 위법성이 조각되는 경우 및 이러한 경우에 해당하는지 판단하는 기준[2] 사용자가 쟁의행위 기간 중 당해 사업과 관계없는 자를 쟁의행위로 중단된 업무의 수행을 위하여 채용 또는 대체하는 경우, 쟁의행위에 참가한 근로자들이 위법한 대체근로를 저지하기 위하여 상당한 정도의 실력을 행사하는 것이 정당행위로서 위법성이 조각되는지 여부(적극) 및 위법한 대체근로를 저지하기 위한 실력 행사가 사회통념에 비추어 용인될 수 있는 행위로서 정당행위에 해당하는지 판단하는 방법"
대법원2019후11688,2020.09.03,등록무효(상),"[1] 등록무효심판청구의 대상이 된 등록상표가 구 상표법 제7조 제1항 제11호에서 정한 수요자를 기만할 염려가 있는 상표에 해당하는지 판단하는 기준 및 그판단 시기(=등록상표의 등록결정 시) / 이때 ‘특정인의 상표나 상품이라고 인식’되었다고 판단하는 기준 및 이러한 법리는 구 상표법 제2조 제3항에 의하여 서비스표의 경우에도 그대로 적용되는지 여부(적극)[2] 甲주식회사의 사용표장 “[이미지]”, “”,“”이 乙의 등록서비스표 “”과의 관계에서 구 상표법 제7조 제1항 제11호에 해당하는지 문제 된 사안에서, 甲회사의 선사용표장들은 위 등록서비스표의 등록결정일 무렵 국내의 일반거래에 있어서 수요자나 거래자에게 적어도 특정인의 상표로 인식될 수 있을 정도로는 알려져 있었다고 봄이 타당하다고 한 사례"
대법원2019후10739,2020.09.03,등록무효(상),"[1] 상표법 제34조 제1항 제20호의 규정 취지 및 선사용상표에 관하여 상표등록을 받을 수 있는 권리자가 누구인지 판단하는 방법[2] 비료공장을 준공하고 이에 관한 비료생산업 등록을 마친 甲수산업협동조합으로부터 위 공장에 관한 경영을 위탁받아 위 공장을 이용하여 유기질 비료를 제조ㆍ판매하던 乙주식회사가 비료 제품의 포장에 표시되어 있던 ‘[이미지]’라는 표장을 자신의 상표로 출원하여 상표등록을 받자, 甲조합이 위 등록상표는 상표법 제34조 제1항 제20호에 해당한다며 乙회사를 상대로 특허심판원에 등록무효심판을 청구하였는데, 특허심판원이 청구를 기각하는 심결을 한 사안에서, 乙회사는 위 표장에 관하여 상표등록을 받을 수 있는 권리자가 아님에도 이와 동일한 상표를 동일ㆍ유사한 상품에 출원하여 상표등록을 받았다고 봄이 타당한데도, 위 표장의 사용에 관한 실질적인 권한이 乙회사에 있다고 보아 등록상표가 상표법 제34조 제1항 제20호에 해당하지 않는다고 본 원심판단에는 법리오해의 잘못이 있다고 한 사례"
대법원2020두36687,2020.09.03,부가가치세부과처분취소,"[1] 국세징수법 제85조의2 제1항 각호에서 정한 체납처분 유예의 사유가 인정되는 경우, 세무서장이 직권으로 체납처분 유예 및 압류해제를 할 수 있는지 여부(적극) / 세무서장이 직권으로 체납처분 유예 및 압류해제를 하면서 납세담보 제공자로부터 납세보증서를 제출받은 경우, 이는 세법에 근거하여 적법하게 제공받은 납세담보인지 여부(적극)[2] 과세관청이 부가가치세 등 조세체납을 이유로 甲주식회사 소유의 부동산을 압류하였는데, 乙주식회사와 乙회사의 설립 자본금을 출자한 丙이 甲회사를 인수하기로 하여 甲회사와 위 부동산에 관한 매매계약 및 영업양수도계약을 체결하면서 丙이 과세관청에 ‘甲회사가 체납세액을 완납하지 아니할 때에는 丙의 책임으로 체납세액을 납부할 것을 보증한다’는 취지의 납세보증서를 제출하였고, 이에 과세관청이 납세보증서를 담보로 체납처분을 유예하고 부동산 압류를 해제하였으며, 乙회사는 위 부동산을 담보로 대출을 받아 甲회사의 체납세액 일부를 납부하였으나, 그 후 甲회사 등이 체납처분 유예기간까지 나머지 체납세액을 납부하지 아니하자 과세관청이 丙에 대하여 부가가치세 등 부과처분을 한 사안에서, 위 납세보증은 세법에 근거하여 적법하게 제공받은 납세담보라고 한 사례"
대법원2017두30290,2020.09.03,교육세부과처분취소,[1] 구 교육세법 시행령 제5조 제2호 단서 (가)목에서 정한 ‘당기 중에 만기ㆍ사망ㆍ해약 등으로 소멸된 책임준비금’의 의미 및 당기 중에 보험금 등 지급청구권의 소멸시효가 완성되어 회계장부상 기타충당부채로 계상한 책임준비금이 이에 해당하는지 여부(소극)
대법원2020두34070,2020.09.03,직접생산확인취소처분취소,"[1] 제재처분에 대한 행정쟁송절차에서 처분에 대해 집행정지결정이 이루어지고 본안에서 해당 처분이 최종적으로 적법한 것으로 확정되어 집행정지결정이 실효되고 제재처분을 다시 집행할 수 있게 된 경우 및 반대로 처분상대방이 집행정지 결정을 받지 못했으나 본안소송에서 해당 제재처분이 위법하다는 것이 확인되어 취소하는 판결이 확정된 경우, 처분청이 취할 조치[2] 중소기업제품 구매촉진 및 판로지원에 관한 법률에 따른 1차 직접생산확인 취소처분에 대하여 중소기업자가 제기한 취소소송절차에서 집행정지결정이 이루어졌다가 본안소송에서 중소기업자의 패소판결이 확정되어 집행정지가 실효되고 취소처분을 집행할 수 있게 되었으나 1차 취소처분 당시 유효기간이 남아 있었던 직접생산확인의 전부 또는 일부가 집행정지기간 중 유효기간이 모두 만료되고 집행정지기간 중 새로 받은 직접생산확인의 유효기간이 남아 있는 경우, 관할 행정청이 직접생산확인 취소 대상을 ‘1차 취소처분 당시’ 유효기간이 남아 있었던 모든 제품에서 ‘1차 취소처분을 집행할 수 있게 된 시점 또는 그와 가까운 시점’을 기준으로 유효기간이 남아 있는 모든 제품으로 변경하는 처분을 할 수 있는지 여부(적극)"
대법원2019두58650,2020.09.03,임시이사선임처분취소청구의소,"[1] 지방자치단체가 조례로 제정할 수 있는 사항(=자치사무, 단체위임사무) 및 법령상 지방자치단체의 장이 처리하도록 규정하고 있는 사무가 자치사무인지 기관위임사무인지 판단하는 기준 / 사립 초등학교ㆍ중학교ㆍ고등학교 및 이에 준하는 각종 학교를 설치ㆍ경영하는 학교법인의 임시이사 선임에 관한 교육감의 권한이 자치사무인지 여부(적극)"
대법원2019두47728,2020.09.03,개발부담금부과처분취소,"[1] 구 공공기관 지방이전에 따른 혁신도시 건설 및 지원에 관한 특별법에 근거하여 시행되는 혁신도시개발사업이 구 개발이익 환수에 관한 법률 제5조 제1항 제10호, 구 개발이익 환수에 관한 법률 시행령 제4조 [별표 1] 제10호에서 정한 개발부담금 부과대상사업인지 여부(적극)"
대법원2016두32992,2020.09.03,법외노조통보처분취소,"[1] 헌법상 법치주의의 핵심적 내용인 법률유보원칙에 내포된 의회유보원칙에서 어떠한 사안이 국회가 형식적 법률로 스스로 규정하여야 하는 본질적 사항에 해당하는지 결정하는 방법 / 국민의 권리ㆍ의무에 관한 기본적이고 본질적인 사항및 헌법상 보장된 국민의 자유나 권리를 제한할 때 그 제한의 본질적인 사항에 관하여 국회가 법률로써 스스로 규율하여야 하는지 여부(적극)[2] 법률의 시행령이 법률에 의한 위임 없이 법률이 규정한 개인의 권리ㆍ의무에 관한 내용을 변경ㆍ보충하거나 법률에 규정되지 아니한 새로운 내용을 규정할 수 있는지 여부(소극)[3] 노동조합 및 노동관계조정법 시행령 제9조 제2항이 법률의 위임 없이 법률이 정하지 아니한 법외노조 통보에 관하여 규정함으로써 헌법상 노동3권을 본질적으로 제한하여 그 자체로 무효인지 여부(적극)[4] 고용노동부장관이 전국의 국공립학교와 사립학교 교원을 조합원으로 하여설립된 甲노동조합의 노동조합 설립신고를 수리하고 신고증을 교부하였는데, 그후 甲노동조합에 대하여 ‘두 차례에 걸쳐 해직자의 조합원 가입을 허용하는 규약을 시정하도록 명하였으나 이행하지 않았고, 실제로 해직자가 조합원으로 가입하여 활동하고 있는 것으로 파악된다’는 이유로 해당 규약 조항의 시정 등의 조치를 요구하였으나 甲노동조합이 이를 이행하지 않자 교원의 노동조합 설립 및 운영등에 관한 법률 제14조 제1항, 노동조합 및 노동관계조정법 제12조 제3항 제1호, 제2조 제4호 (라)목 및 교원의 노동조합 설립 및 운영 등에 관한 법률 시행령 제9조 제1항, 노동조합 및 노동관계조정법 시행령 제9조 제2항에 따라 甲노동조합을 ‘교원의 노동조합 설립 및 운영 등에 관한 법률에 의한 노동조합으로 보지 아니함’을 통보한 사안에서, 법외노조 통보에 관한 노동조합 및 노동관계조정법 시행령 제9조 제2항은 헌법상 법률유보의 원칙에 위반되어 그 자체로 무효이므로 그에 기초한 위 법외노조 통보는 법적 근거를 상실하여 위법하다고 한 사례"
대법원2020다227837,2020.09.03,부당이득금,"[1] 전기사업법 제72조의2 및 이에 따른 ‘가공배전선로의 지중이설사업 운영기준’(산업통상자원부 고시 제2015-240호) 제11조, 제12조, 제13조, 제15조 제1항의 규정 취지[2] 한국전력공사가 甲지방자치단체와 체결한 ‘배전선로 지중화공사에 따른 이행협약’ 및 ‘공사비부담계약’에 기초하여 자신이 부담하기로 한 부분 이외의 나머지 부분에 관하여 甲지방자치단체를 상대로 정산금 지급을 청구하자 甲지방자치단체가 민법 제163조 제3호에서 정한 단기소멸시효의 완성을 주장한 사안에서, 위 정산금 채권은 민법 제163조 제3호에 따른 수급인이 도급인에 대하여 갖는 공사에 관한 채권에 해당한다고 볼 수 없다고 한 사례"
대법원2020다210747,2020.09.03,기타(금전),[1] 채권양수인이 민사소송법 제218조 제1항에 따라 확정판결의 효력이 미치는 변론종결 후의 승계인에 해당하는지 판단하는 기준 시기(=채권양도의 대항요건이 갖추어진 때)
대법원2019다272343,2020.09.03,소유권이전등기,"[1] 재건축조합이 재건축사업을 하면서 구 주택건설촉진법 제44조의3 제5항에 따라 준용되는 구 도시재개발법 제33조부터 제45조까지 정한 관리처분계획 인가와 이에 따른 분양처분의 고시 등의 절차 또는 도시 및 주거환경정비법상의 관리처분계획 인가와 이에 따른 이전고시 등의 절차를 거쳐 신 주택이나 대지를 조합원에 게 분양한 경우, 구 주택이나 대지에 관한 권리가 권리자의 의사와 관계없이 신주택이나 대지에 관한 권리로 강제적으로 교환ㆍ변경되어 공용환권된 것으로 볼수 있는지 여부(적극) 및 위 절차를 거치지 않은 채 조합원에게 신 주택이나 대지가 분양된 경우, ‘구 주택이나 대지’에 관한 소유권과 ‘신 주택이나 대지’에 관한 소유권 사이에 동일성이 유지되는지 여부(소극)"
대법원2018다288044,2020.09.03,비품사용료,"[1] 부동산 인도청구의 집행을 할 때 강제집행의 목적물이 아닌 동산이 있어 이를 인도하려고 하나 인도받을 채무자나 채무자의 친족 등이 없는 경우, 집행관이 동산을 스스로 보관하거나 채권자 또는 제3자를 보관인으로 선임하여 보관하게 할수 있는지 여부(적극) 및 이때 발생한 보관비용에 관하여 동산에 유치권을 행사할 수 있는지 여부(적극)"
대법원2018다283773,2020.09.03,부당이득반환청구의소,"[1] 지방세법 제107조 제1항에 따라 재산세 납세의무를 부담하는 ‘재산을 사실상 소유하고 있는 자’의 의미 / 3자간 등기명의신탁의 경우, 명의신탁자가 매매계약을 체결하고 매매대금을 모두 지급하였다면 재산세 과세기준일 당시 소유권이 전등기를 마치기 전이라도 부동산의 실질적 소유자로서 재산세 납부의무를 부담하는지 여부(원칙적 적극)[2] 과세관청이 3자간 등기명의신탁에 따라 해당 부동산의 공부상 소유자가 된 명의수탁자에게 재산세 부과처분을 하여 명의수탁자가 재산세를 납부한 경우, 명의신탁자나 그 상속인을 상대로 재산세 상당액에 대한 부당이득반환청구권을 가지는지 여부(소극)"
대법원2018다273608,2020.09.03,제3자이의,"[1] 선박의 등기와 등록에 대해 정한 선박법 제8조 등이 적용되지 않는 선박에서 제외되는 선박으로 선박법 제26조 제4호 단서에서 정한 ‘수상호텔, 수상식당 또는 수상공연장’이 ‘부유식 수상구조물형 부선’의 종류를 예시적으로 규정한 것인지 여부(적극)[2] 甲주식회사가 총톤수 144t의 부선인 선박을 매수하여 소유권이전등기를 한 후 하천점용허가를 받아 위 선박에서 수상레저사업을 하였고, 乙이 유체동산 강제 경매절차에서 위 선박을 매수하여 인도받았으나 소유권이전등기를 하지 않은 상태에서 丙주식회사가 乙로부터 위 선박을 매수하여 수상레저사업을 하고 있었는 데, 그 후 甲회사가 丁에게 위 선박에 관하여 근저당권설정등기를 해 주었고, 丁 의 신청에 따라 임의경매절차가 개시되자 丙회사가 선박의 소유자라는 이유로 임의경매의 불허를 구한 사안에서, 위 선박은 선박법 제26조 제4호 단서에서 정한 부유식 수상구조물에 해당하므로, 乙이 유체동산 강제경매절차에서 위 선박을 매수한 것은 민사집행법 제172조에 반하여 무효이고, 乙로부터 위 선박을 매수한 丙회사는 적법하게 소유권을 취득하지 못하였다고 본 원심판결이 정당하다고 한 사례"
대법원2017다269442,2020.09.03,원상회복등청구의소,"[1] 수탁자의 선관의무 위반으로 신탁재산에 손해가 생긴 경우, 위탁자, 수익자 또는 수탁자가 복수인 경우의 다른 수탁자가 의무를 위반한 수탁자를 상대로 신탁법 제43조 제1항에 따른 신탁재산의 원상회복을 구할 수 있는지 여부(적극) 및 이때 ‘신탁재산의 원상회복’의 의미 / 신탁법 제43조 제1항에 따른 신탁재산의 원상회복을 원인으로 금전채무의 전부 또는 일부의 이행을 명하는 판결을 선고하는 경우, 민법과 소송촉진 등에 관한 특례법 제3조 제1항에서 정한 이율에 따른 지연손해금의 지급을 명할 수 있는지 여부(원칙적 소극)"
대법원2017다218987,2020.09.03,임시총회결의무효확인의소ㆍ임시총회결의…,"[1] 재건축조합의 총회가 조합의 최고의사결정기관으로서 조합과 관련된 업무에 관하여 가지는 자율성과 재량의 정도[2] 재건축조합의 총회에서 재건축사업의 수행결과에 따라 차후에 발생하는 추가이익금의 상당한 부분에 해당하는 금액을 조합 임원들에게 인센티브로 지급하도록 하는 내용을 결의하는 경우, 적당하다고 인정되는 범위를 벗어난 인센티브지급에 대한 결의 부분의 효력(무효) 및 인센티브의 내용이 부당하게 과다한지 판단하는 기준[3] 甲재건축조합의 임시총회에서 ‘조합 해산 시 추가이익이 발생하여 조합원들에 대한 환급금이 상승하고 추가부담금이 감소할 경우 추가이익금의 20%를 조합 임원들에 대한 인센티브(성과급)로 지급한다’는 취지의 결의를 하자, 조합원들 의 일부가 위 결의에 대해 무효 확인을 구한 사안에서, 위에서 정한 인센티브가 조합 임원들의 직무와 합리적 비례관계를 가지는지에 관하여 별다른 심리를 하지않은 채 위 결의를 무효로 볼 수 없다고 한 원심판단에 법리오해의 잘못이 있다고 한 사례"
헌법재판소2017헌마813,2020.08.28,본문을 읽어보삼,"가. 투표소를 투표구 안의 선거인이 투표하기 편리한 곳에 설치한다고 규정한 공직선거법 제147조 제2항(이하 ‘이 사건 투표소설치조항’이라 한다)에 대한 심판청구가 기본권 침해의 직접성이 인정되는지 여부(소극)나. 피청구인들이 육군훈련소에서 군사교육을 받고 있었던 청구인 윤○○에 대하여 제19대 대통령선거 대담·토론회의 시청을 금지한 행위(이하 ‘이 사건 시청금지행위’라 한다)가 청구인 윤○○의 선거권을 침해하는지 여부(소극)다. 이 사건 시청금지행위가 청구인 윤○○의 평등권을 침해하는지 여부(소극)라. 점자형 선거공보의 면수를 책자형 선거공보의 면수 이내로 제한한 공직선거법 제65조 제4항 본문 중 ‘제2항에 따른 책자형 선거공보의 면수 이내에서’ 부분(이하 ‘이 사건 선거공보조항’이라 한다)이 청구인 김○○의 선거권을 침해하는지 여부(소극)마. 이 사건 선거공보조항이 청구인 김○○의 평등권을 침해하는지 여부(소극)바. 방송광고, 후보자 등의 방송연설, 방송시설주관 후보자연설의 방송, 선거방송토론위원회 주관 대담·토론회의 방송(이하 ‘이 사건 선거방송’이라 한다)에서 한국수화언어(이하 ‘한국수어’라 한다) 또는 자막의 방영을 재량사항으로 규정한 공직선거법 제70조 제6항, 제71조 제3항 중 제70조 제6항에 관한 부분, 제72조 제2항, 공직선거법 제82조의2 제12항(이하 위 조항들을 합하여 ‘이 사건 한국수어·자막조항’이라 한다)이 청구인 김□□, 함○○의 선거권을 침해하는지 여부(소극)사. 이 사건 한국수어·자막조항이 청구인 김□□, 함○○의 평등권을 침해하는지 여부(소극"
헌법재판소2020헌마285,2020.08.28,본문을 읽어보삼,청구인에게 위험물안전관리법위반 혐의를 인정한 기소유예처분이 청구인의 평등권과 행복추구권을 침해하였다고 본 사
헌법재판소2019헌마1430,2020.08.28,본문을 읽어보삼,"가. 구 산업안전보건법 제24조 제1항 제5호, 제2항이 포괄위임금지원칙, 명확성원칙에 위배되는지 여부(소극)나. 구 산업안전보건법 제67조 제1호 중 제24조 제1항 제5호에 관한 부분, 제71조 가운데 ‘제67조 제1호 중 제24조 제1항 제5호’에 관한 부분이 책임과 형벌의 비례원칙에 위배되는지 여부(소극)다. 이 사건 기소유예처분에 법리오해가 있는지 여부(소극"
헌법재판소2018헌바425,2020.08.28,본문을 읽어보삼,가. ‘한강수계 상수원수질개선 및 주민지원 등에 관한 법률’(이하 ‘한강수계법’이라 한다) 제19조 제1항이 규정한 ‘물사용량에 비례한 부담금’(이하 ‘물이용부담금’이라 한다)의 법적 성격나. 물이용부담금의 산정방법 등 필요한 사항을 대통령으로 위임하도록 한 한강수계법 제19조 제1항 본문 중 ‘공공수역으로부터 취수된 원수를 정수하여 공급받는 최종 수요자’에 관한 부분 및 같은 조 제5항(이하 ‘심판대상조항’이라 한다)이 포괄위임금지원칙에 위배되는지 여부(소극)다. 한강을 취수원으로 한 수돗물의 최종수요자에게 물이용부담금을 부과하는 한강수계법 제19조 제1항 본문 중 ‘공공수역으로부터 취수된 원수를 정수하여 공급받는 최종 수요자’에 관한 부분(이하 ‘부담금부과조항’이라 한다)이 물이용부담금 납부의무자의 재산권을 침해하거나 평등원칙에 위배되는지 여부(소극
헌법재판소2018헌바422,2020.08.28,본문을 읽어보삼,소액임차인이 보증금 중 일부를 우선하여 변제받으려면 주택에 대한 경매신청의 등기 전에 대항력을 갖추어야 한다고 규정한 주택임대차보호법 제8조 제1항 후문(이하 ‘심판대상조항’이라 한다)이 청구인의 재산권을 침해하는지 여부(소극
헌법재판소2018헌마927,2020.08.28,본문을 읽어보삼,가. ‘가족관계의 등록 등에 관한 법률’ 제14조 제1항 본문 중 ‘직계혈족이 제15조에 규정된 증명서 가운데 가족관계증명서 및 기본증명서의 교부를 청구’하는 부분(이하 ‘이 사건 법률조항’이라 한다)이 불완전·불충분하게 규정되어 있어 가정폭력 피해자의 개인정보를 보호하기 위한 구체적 방안을 마련하지 아니한 것이 청구인의 개인정보자기결정권을 침해하는지 여부(적극) 나. 위헌결정이 초래하는 법적 공백을 이유로 헌법불합치결정을 선고한 사
헌법재판소2018헌마587,2020.08.28,본문을 읽어보삼,남한산성 역사문화환경 보존지역 내 건축행위 등에 관한 허용기준을 정하고 있는 ‘「남한산성」 등 3개소 국가지정문화재 역사문화환경 보존지역 내 건축행위 등에 관한 허용기준 변경’ 별첨자료 1. 중 “건축물의 지붕은 한옥형 건축양식으로 함” 부분에 대하여 기본권 침해의 직접성을 부인한 사
헌법재판소2017헌바474,2020.08.28,본문을 읽어보삼,가. 취득자가 신고한 취득 가액이 시가표준액보다 적은 때에는 그 시가표준액을 취득세 과세표준으로 하는 지방세법 제10조 제2항 단서 중 ‘그 신고가액이 제4조에서 정하는 시가표준액보다 적을 때’ 부분(이하 ‘이 사건 시가표준액조항’이라 한다)이 과잉금지원칙에 위반되어 청구인의 재산권을 침해하는지 여부(소극)나. 일정한 경우에 한하여 사실상의 취득가격을 취득세 과세표준으로 하는 구 지방세법 제10조 제5항(이하 ‘이 사건 사실상 취득가격조항’이라 한다)이 조세평등주의 내지 평등원칙에 위반되는지 여부(소극
헌법재판소2017헌바389,2020.08.28,본문을 읽어보삼,가. 초·중등교육법에 따른 학교를 경영하는 자가 해당 사업에 사용하기 위하여 부동산을 취득하는 경우에 취득세를 면제하도록 규정한 구 지방세특례제한법 제41조 제1항 본문 중 ‘초·중등교육법에 따른 학교를 경영하는 자’ 부분(이하 ‘심판대상조항’이라 한다)이 과세요건 명확주의에 위배되는지 여부(소극)나. 심판대상조항이 조세평등주의에 위배되는지 여부(소극
헌법재판소2017헌가35,2020.08.28,본문을 읽어보삼,"의료기기와 관련하여 심의를 받지 아니하거나 심의받은 내용과 다른 내용의 광고를 하는 것을 금지하고 이를 위반한 경우 행정제재와 형벌을 부과하도록 한 의료기기법 제24조 제2항 제6호 및 구 의료기기법 제36조 제1항 제14호 중 ‘제24조 제2항 제6호를 위반하여 의료기기를 광고한 경우’ 부분, 구 의료기기법 제52조 제1항 제1호 중 ‘제24조 제2항 제6호를 위반한 자’ 부분(이하 위 조항들을 합하여 ‘심판대상조항’이라 한다)이 사전검열금지원칙에 위반되는지 여부(적극"
헌법재판소2017헌마187,2020.08.28,본문을 읽어보삼,"헌법소원심판청구 이후 공직선거법이 개정되어 선거권연령 하한이 종전의 19세에서 18세로 낮아진 경우, 개정되기 전의 구 공직선거법 제15조 중 ‘19세 이상’ 부분 및 ‘지방교육자치에 관한 법률’(이하 ‘교육자치법’이라 한다) 제49조 제1항 전문 가운데 위 ‘19세 이상’에 관한 부분을 준용하는 부분에 대한 심판청구의 권리보호이익을 부정한 사"
대법원2017두61874,2020.08.27,부당해고구제재심판정취소등,공개채용 전 1달 근무한 것은 기간제법상 ‘계속근로기간‘에 포함되지 않는다고 한 판결
대법원2016다16054,2020.08.27,임금,"원심은 피고가 원고들을 비롯한 생산직 근로자들에게 이 사건 정기상여금을 통상임금에 산입한 결과 추가로 발생하는 법정수당 및 퇴직금을 지급하게 됨으로써 피고에게 중대한 경영상의 어려움이 초래되거나 그 존립이 위태롭게 되는지 여부를 판단하면서, 이 사건 사업부가 각각 별도의 조직을 갖추고 어느 정도 독립적인 형태로 사업을 영위하고 있는 것으로 보인다는 등의 이유를 들어 피고 회사 자체가 아닌 이 사건 사업부의 재정 상황 등을 기준으로 삼아 이를 판단했다. 그러나 근로자의 추가 법정수당 등의 청구는 그것이 사용자에게 예기치 못한 새로운 재정적 부담을 지워 중대한 경영상의 어려움을 초래하거나 기업의 존립을 위태롭게 하는 경우에 한해 신의칙 위반을 이유로 배척될 수 있는데, 이 사건 사업부가 피고 내부의 다른 사업부와 조직 및 운영상 어느 정도 독립돼 있는 것에서 더 나아가 재무·회계 측면에서도 명백하게 독립돼 있는 등으로 이 사건 사업부를 피고와 구별되는 별도의 법인으로 취급해야 할 객관적인 사정을 인정하기 어렵다.  【사건】2016다16054 임금2016다16061(병합) 임금2016다16078(병합) 임금2016다16085(병합) 임금"
대법원2019도14770,2020.08.27,특정경제범죄가중처벌등에관한법률위반(횡…,"[1] 배임죄의 주체인 ‘타인의 사무를 처리하는 자’의 의미 / 채무자가 금전채무를 담보하기 위하여 그 소유의 동산을 채권자에게 동산ㆍ채권 등의 담보에 관한 법률에 따른 동산담보로 제공함으로써 채권자인 동산담보권자에 대하여 담보물의 담보가치를 유지ㆍ보전할 의무 또는 담보물을 타에 처분하거나 멸실, 훼손하는 등으로 담보권 실행에 지장을 초래하는 행위를 하지 않을 의무를 부담하게 된 경우, 배임죄의 주체인 ‘타인의 사무를 처리하는 자’에 해당하는지 여부(소극) 및 이때 채무자가 담보물을 제3자에게 처분하는 등으로 담보가치를 감소 또는 상실시켜 채권자의 담보권 실행이나 이를 통한 채권실현에 위험을 초래한 경우, 배임죄가 성립하는지 여부(소극)"
대법원2019도11294,2020.08.27,사기ㆍ특정경제범죄가중처벌등에관한법률…,"[1] 전자기록에 관한 시스템에 ‘허위’의 정보를 입력한다는 것의 의미[2] 사전자기록등위작죄에서 말하는 ‘사무처리를 그르치게 할 목적’의 의미[3] 법인이 컴퓨터 등 정보처리장치를 이용하여 전자적 방식에 의한 정보의 생성ㆍ처리ㆍ저장ㆍ출력을 목적으로 전산망 시스템을 구축하여 설치ㆍ운영하는 경우, 위 시스템에 제공되어 정보의 생성ㆍ처리ㆍ저장ㆍ출력이 이루어지는 전자기록등 특수매체기록이 법인의 임직원과의 관계에서 ‘타인’의 전자기록 등 특수매체기록에 해당하는지 여부(적극)[4] 공전자기록등위작죄에서 말하는 전자기록의 ‘위작’에, 전자적 방식에 의한 정보의 생성ㆍ처리ㆍ저장ㆍ출력을 목적으로 구축하여 설치ㆍ운영하는 시스템의 설치ㆍ운영 주체와의 관계에서 전자기록의 생성에 관여할 권한이 없는 사람이 전자기록을 작출하거나 전자기록의 생성에 필요한 단위정보의 입력을 하는 경우 외에 시스템의 설치ㆍ운영 주체로부터 각자의 직무 범위에서 개개의 단위정보의 입력 권한을 부여받은 사람이 그 권한을 남용하여 허위의 정보를 입력함으로써 시스템 설치ㆍ운영 주체의 의사에 반하는 전자기록을 생성하는 경우도 포함되는지여부(적극) / 위 법리는 사전자기록등위작죄에서 행위의 태양으로 규정한 ‘위작’에 대해서도 마찬가지로 적용되는지 여부(적극)"
대법원2015도9436,2020.08.27,아동ㆍ청소년의성보호에관한법률위반(위계…,"[1] 아동ㆍ청소년이 타인의 기망이나 왜곡된 신뢰관계의 이용에 의하여 외관상 성적 결정 또는 동의로 보이는 언동을 한 경우, 이를 아동ㆍ청소년의 온전한 성적자기결정권의 행사에 의한 것이라고 평가할 수 있는지 여부(소극)[2] 행위자가 간음의 목적으로 피해자에게 오인, 착각, 부지를 일으키고 피해자의 그러한 심적 상태를 이용하여 간음의 목적을 달성한 경우, 위계에 의한 간음죄가 성립하는지 여부(적극) / 피해자가 오인, 착각, 부지에 빠지게 되는 대상이 간음행위 자체 외에 간음행위에 이르게 된 동기이거나 간음행위와 결부된 금전적ㆍ비금전적 대가와 같은 요소일 수도 있는지 여부(적극) / 위계와 간음행위 사이 인과관계의 내용 및 이러한 인과관계를 판단할 때 고려해야 할 사정 / 간음행위와 인과관계가 있는 위계에 해당하는지 판단할 때 일반적ㆍ평균적 판단능력을 갖춘성인 또는 충분한 보호와 교육을 받은 또래의 시각에서 인과관계를 쉽사리 부정하여서는 안 되는지 여부(적극)[3] 피고인이 스마트폰 채팅 애플리케이션을 통하여 알게 된 14세의 피해자에게 자신을 ‘고등학교 2학년인 甲’이라고 거짓으로 소개하고 채팅을 통해 교제하던 중자신을 스토킹하는 여성 때문에 힘들다며 그 여성을 떼어내려면 자신의 선배와 성관계를 하여야 한다는 취지로 피해자에게 이야기하고, 피고인과 헤어지는 것이 두려워 피고인의 제안을 승낙한 피해자를 마치 자신이 甲의 선배인 것처럼 행세하여 간음한 사안에서, 피고인은 간음의 목적으로 피해자에게 오인, 착각, 부지를 일으키고 피해자의 그러한 심적 상태를 이용하여 피해자를 간음한 것이므로 피고인의 간음행위는 위계에 의한 것이라고 평가할 수 있다고 한 사례"
대법원2017다211481,2020.08.27,부당이득금,"[1] 자유심증주의의 한계[2] 甲주식회사가 스스로 건설하여 乙등에게 임대하였다가 분양전환하는 임대아파트의 분양전환가격을 산정하면서 그 산정의 기초가 되는 ‘건설원가’의 한 요소인 ‘실제 건축비’를 위 아파트의 취득세 과세표준이 아닌 건축비 감정 결과를 토대로 인정할 수 있는지 문제 된 사안에서, 위 아파트에 관하여 신고ㆍ확정된 취득세 과세표준이 실제 건축비를 반영하는 유력한 증거자료인데도, 합리적인 근거없이 취득세 과세표준의 증명력을 전부 배척한 다음 건축비 감정 결과를 토대로 실제 건축비를 인정한 원심판단에는 자유심증주의의 한계를 벗어나 필요한 심리를 다하지 않은 위법이 있다고 한 사례[3] 분양전환가격 산정기준에 관한 구 임대주택법 등 관련 법령의 규정이 강행법규인지 여부(적극) 및 위 산정기준에 따른 금액을 초과하는 분양전환가격으로 체결된 분양계약의 효력(=초과하는 범위에서 무효) / 이러한 일부 무효의 법리는 민간 임대사업자가 시장 등의 분양전환승인을 거쳐 분양전환을 한 경우에도 마찬가지로 적용되는지 여부(적극)[4] 공공 임대주택의 분양전환가격을 산정하기 위하여 시장 등이 2곳의 감정평가법인에 의뢰하여 시행한 최초의 감정평가에 대한 이의신청이 있어 재평가를 한경우, 재평가된 금액을 기초로 분양전환가격을 산정하여야 하는지 여부(원칙적 적극)"
대법원2016다248998,2020.08.27,손해배상등,"[1] 민법 제103조에 의해 단체협약이 무효인지를 판단할 때 고려하여야 할 사정 / 업무상 재해로 인한 사망 등 일정한 사유가 발생하는 경우 조합원의 직계가족등을 채용하기로 하는 내용의 단체협약이 선량한 풍속 기타 사회질서에 반하는지 판단하는 기준[2] 甲주식회사 등이 노동조합과 체결한 각 단체협약에서 업무상 재해로 인해 조합원이 사망한 경우에 직계가족 등 1인을 특별채용하도록 규정한 이른바 ‘산재유족 특별채용 조항’이 민법 제103조에 의하여 무효인지 문제 된 사안에서, 산재유족 특별채용 조항이 甲회사 등의 채용의 자유를 과도하게 제한하는 정도에 이르거나 채용 기회의 공정성을 현저히 해하는 결과를 초래하였다고 볼 특별한 사정을 인정하기 어려우므로, 선량한 풍속 기타 사회질서에 위반되어 무효라고 볼수 없다고 한 사례"
서울중앙지방법원2019가합574167,2020.08.27,손해배상청구등의소,"[1] 甲주식회사와 乙주식회사가, 乙회사의 무기물입자코팅(ceramic coating) 분리막에 관한 등록특허의 효력에 대한 소송계속 중 각자 제기한 소를 취하하기로 하면서 향후 등록특허와 관련하여 ‘국내/국외’에서 상호 쟁송을 제기하지 않는다는 내용의 합의서를 작성하였는데, 乙회사가 甲회사 및 甲회사의 미국법인 丙이등록특허에 대응하는 乙회사의 미국 특허 및 그 후속 특허를 침해하였다는 이유로 甲회사 및 丙법인을 상대로 미국무역위원회에 불공정무역행위조사신청을 제기하고 미국 델라웨어 연방지방법원에 특허권침해금지소송을 제기하자, 甲회사및 丙법인이 乙회사를 상대로 국내 법원에 위 합의상 부제소 의무 위반에 따른 손해배상 등을 구한 사안에서, 위 합의서 전문 및 본문의 문언 등에 비추어 위 합의의 대상은 등록특허로 한정된다고 보아야 하고 乙회사가 미국 특허 및 그 후 속 특허에 관한 부제소 의무까지 부담한다고 볼 수는 없다고 한 사례"
대구지방법원2018가합210182,2020.08.27,조합원명의변경절차이행,"[1] 甲이 乙지역주택조합과 신축 아파트 분양계약을 체결한 후 丙에게 아파트 분양권을 양도하였고, 그 후 위 아파트가 있는 지역이 주택법 제63조에 따른 투기과열지구로 지정되었는데, 丙이 甲을 상대로 양도약정에 따른 조합원 명의변경 절차의 이행을 구하자 甲이 위 계약은 주택법에 따른 전매제한 규정을 위반한 계약으로 취소되어야 한다고 주장한 사안에서, 주택법 제64조 제1항은 단속규정에 불과할 뿐 효력규정으로 보기 어려우므로, 위 계약이 취소되어야 한다고 볼 수 없다고 한 사례"
울산지방법원2018구합7055,2020.08.27,유족급여및장의비부지급처분취소,"산업재해로 치료를 받던 근로자가 세균에 감염되어 사망하였다면, 근로복지공단이 업무상 재해를 인정해 유족급여와 장의비 등을 지급해야 한다고 판결한 사례"
서울고등법원2020노1062,2020.08.25,살인ㆍ특수협박ㆍ폭력행위등처벌에관한법…,"[1] 피고인들은 모두 러시아어를 사용하고, 한국어를 전혀 사용하지 못하는 외국인인데, 제1심법원이 국민참여재판 대상사건의 피고인들에게 한국어로 기재된 국민참여재판 안내서 및 의사확인서만을 각각 송달하고 그에 대한 러시아어 번역본은 송달하지 않은 채, 제1회 공판기일에서 피고인들이 국민참여재판을 원하지 않는다고 진술하자 그에 따라 통상의 공판절차로 재판을 진행하여 유죄판결을 선고한 사안에서, 제1심법원이 국민참여재판 의사확인절차를 적법하게 거쳤다고 볼 수 없다고 한 사례"
서울행정법원2019구합63164,2020.08.21,유족급여 및 장의비부지급처분취소,근로자의 자살이 업무상 사고 또는 그 사고에 업무상 스트레스가 경합하여 공황장애가 악화되어 일어난 것으로 보아 업무와 사망 사이의 상당인과관계를 인정한 판결
서울중앙지방법원2018가합593550,2020.08.20,해고무효확인,명예퇴직을 회사의 강요에 따른 해고라고 인정하기 어렵다며 퇴직자들의 청구를 기각한 사례
서울행정법원2015구합68857,2020.08.20,노동조합설립신고반려처분취소,"[1] 고등교육법상의 학교에 근무하는 교원들을 조합원으로 하는 甲노동조합이 노동조합설립신고서를 제출하였으나 고용노동부장관이 ‘甲노동조합이 제출한 노조설립신고서는 현행 교원의 노동조합 설립 및 운영 등에 관한 법률상 노조설립이 허용되지 않는 고등교육법상 교원을 조직대상으로 하고 있다’는 이유로 甲노동조합의 신고를 반려하는 처분을 하자, 甲노동조합이 위 처분의 취소를 구하는 소송을 제기하면서 소송 계속 중에 교원노조 가입범위를 초ㆍ중등교육법 제19조 제1항의 교원으로 제한하고 있던 교원의 노동조합 설립 및 운영 등에 관한 법률 제2조 등에 대하여 위헌법률심판제청신청을 하여 법원이 위헌법률심판제청을 하였는 데, 헌법재판소가 구 교원의 노동조합 설립 및 운영 등에 관한 법률 제2조가 헌법에 위반된다고 판단하며 잠정적용 헌법불합치결정을 한 사안에서, 위 구법 조항중 교원노조 설립 대상 교원에 대학교원을 포함하지 않는 부분은 헌법불합치결정이 있었던 때로 소급하여 효력을 상실하여 헌법불합치결정을 하게 된 위 사건에 대해서는 위 구법 조항이 그대로 적용될 수 없으므로 위 구법 조항이 적용됨을 전제로 甲노동조합의 신고를 반려한 위 처분은 위법하다고 한 사례"
대법원2020도7154,2020.08.20,도로교통법위반(음주측정거부),[1] 2018. 12. 24. 법률 제16037호로 개정된 도로교통법 제148조의2 제1항에서 정한‘도로교통법 제44조 제1항 또는 제2항을 2회 이상 위반한 사람’에 개정 도로교통법 시행 이전에 구 도로교통법 제44조 제1항 또는 제2항을 위반한 전과가 포함되는지 여부(적극) 및 이와 같은 해석이 형벌불소급의 원칙이나 일사부재리의 원칙에 위배되는지 여부(소극) / 개정 도로교통법 부칙(2018. 12. 24.) 제2조에서 같은 법 제148조의2 제1항에 관한 위반행위의 횟수를 산정하는 기산점을 두지 않은 것을 이유로 그 위반행위에 개정 도로교통법 시행 이후의 음주운전 또는 음주측정불응 전과만이 포함되는 것이라고 해석할 수 있는지 여부(소극)
대법원2020도6965,2020.08.20,성폭력범죄의처벌등에관한특례법위반(친족…,[1] 성폭행 등의 피해자 진술의 증명력을 판단하는 방법 / 피고인의 친딸로 가족관계에 있던 피해자가 ‘마땅히 그러한 반응을 보여야만 하는 피해자’로 보이지않는다는 이유만으로 피해자 진술의 신빙성을 함부로 배척할 수 있는지 여부(소극) / 친족관계에 의한 성범죄를 당하였다는 피해자 진술의 신빙성을 판단할 때 특히 고려할 사항[2] 대법원 양형위원회 제정 양형기준상 특별감경인자인 ‘처벌불원’의 의미
대법원2019도16263,2020.08.20,범죄단체조직ㆍ범죄단체가입ㆍ범죄단체활…,"[1] 형법 제114조에서 정한 ‘범죄를 목적으로 하는 단체’의 의미[2] 형법 제114조에서 정한 ‘범죄를 목적으로 하는 집단’의 의미와 요건[3] 피고인 甲은 무등록 중고차 매매상사(외부사무실)를 운영하면서 피해자들을 기망하여 중고차량을 불법으로 판매해 금원을 편취할 목적으로 외부사무실 등에 서 범죄집단을 조직ㆍ활동하고, 피고인 甲, 乙을 제외한 나머지 피고인들은 범죄집단에 가입ㆍ활동하였다는 내용으로 기소된 사안에서, 위 외부사무실은 특정 다수인이 사기범행을 수행한다는 공동목적 아래 구성원들이 대표, 팀장, 출동조, 전화상담원 등 정해진 역할분담에 따라 행동함으로써 사기범행을 반복적으로 실행하는 체계를 갖춘 결합체, 즉 형법 제114조의 ‘범죄를 목적으로 하는 집단’에 해당한다고 한 사례"
대법원2017두44084,2020.08.20,소득금액변동통지처분취소,"[1] 부당행위계산 부인에 관한 법인세법 제52조 등을 적용할 수 있는 국제거래로 규정한 구 국제조세조정에 관한 법률 시행령 제3조의2 제3호의 ‘수익이 없는 자산의 매입’에서 ‘수익이 없는 자산’의 의미 / 이러한 ‘수익이 없는 자산’의 매입에 관한 부당행위계산 부인을 하는 경우 그 처리방법[2] 甲외국법인이 乙주식회사로부터 乙회사 발행의 제3자 배정 신주를 인수하면서 이른바 ‘풋백옵션(Put Back Option)’을 보장받았으나 이를 행사하지 않고 있다가 풋백옵션 행사기간 만료 후 乙회사와 그 기간을 연장하기로 하는 내용의 추가약정서를 소급하여 작성하였고, 이에 따라 乙회사가 甲법인으로부터 위 주식을 풋백옵션 행사가액에 매입한 후 乙회사의 최대주주인 丙주식회사에 양도하였는데, 과세관청이 법인세법상 부당행위계산 부인 규정을 적용하여 주식의 매입대금에서 위 매입 거래 당시 상속세 및 증여세법이 규정한 보충적 평가방법에 따른 가액을 뺀 ‘시가초과액’을 乙회사의 익금에 산입하고, 이를 甲법인에 대한 배당으로 소득처분하여 乙회사에 소득금액변동통지를 한 사안에서, 乙회사의 위주식 매입은 국제거래에서 부당행위계산 부인의 대상이 되는 경제적 합리성이 결여된 ‘수익이 없는 자산’의 매입에 해당하므로, 과세관청이 乙회사가 위 주식의 취득일로부터 이를 처분하여 매입대금을 회수할 때까지의 기간 동안 매입대금 상당액에 대한 인정이자 상당액을 익금산입하고 그에 따른 소득금액변동통지를 하여야 한다고 한 사례[3] 과세처분의 정당한 세액이 산출되지 않는 경우 과세처분 전부를 취소하여야 하는지 여부(적극) 및 이 경우 법원이 직권으로 정당한 세액을 계산할 의무를 지는지 여부(소극) / 이는 소득금액변동통지의 정당한 소득금액에 관하여도 마찬가지인지 여부(적극)"
대법원2019두63485,2020.08.20,과징금부과처분취소,"[1] 부동산 실권리자명의 등기에 관한 법률 제10조 제1항 단서에서 과징금을 부과할 수 없는 사유로 정한 ‘등기를 신청하지 못할 정당한 사유가 있는 경우’의 의미[2] 1필의 토지 중 일부를 특정하여 매매계약을 체결한 경우, 매매대상이 된 특정 부분을 분할한 다음 그 부분에 관하여 소유권이전등기를 하는 것이 원칙인지여부(적극) 및 1필의 토지 중 특정 부분에 대한 구분소유적 공유관계를 표상하기위한 공유등기를 마치기 위해서는 그에 관한 합의가 있어야 하는지 여부(적극)[3] 甲이 거주하고 있는 건물이, 건축물이 있는 대지로서 용도지역이 준공업지역으로 지정되어 있는 乙소유의 토지의 경계를 일부 침범하여, 甲이 乙로부터 위토지 중 경계를 침범한 약 33㎡를 매수하는 계약을 체결하고 매매대금 전액을 지급한 후 40여 년이 지나 위 토지 중 일부 지분에 관한 소유권이전등기를 마쳤는데, 관할 구청장이 甲에 대하여 부동산 실권리자명의 등기에 관한 법률 제10조 제1항에 따른 장기미등기자에 해당한다는 이유로 과징금을 부과한 사안에서, 건축법령상 위 토지 중 경계침범 부분의 분할이 제한되므로, 甲이 장기간 위 경계침범부분에 관한 소유권이전등기를 신청하지 못한 데에 정당한 사유가 없다고 단정하기는 어렵다고 한 사례"
대법원2019두34630,2020.08.20,손실보상금,"[1] 공익사업을 위한 토지 등의 취득 및 보상에 관한 법률 제30조 제3항에 따른 재결신청 지연가산금의 성격 및 토지소유자 등이 적법하게 재결신청청구를 하였다고 볼 수 없거나 사업시행자가 재결신청을 지연하였다고 볼 수 없는 특별한 사정이 있는 경우, 그 해당 기간 지연가산금이 발생하는지 여부(소극)[2] 상대방이 부당하게 등기취급 우편물의 수취를 거부함으로써 우편물의 내용을 알 수 있는 객관적 상태의 형성을 방해한 경우, 그러한 상태가 형성되지 아니하였다는 사정만으로 발송인의 의사표시 효력을 부정할 수 있는지 여부(소극) 및 이 경우 의사표시의 효력 발생 시기(=수취 거부 시) / 우편물의 수취 거부가 신의성실의 원칙에 반하는지 판단하는 방법 및 우편물의 수취를 거부한 것에 정당한 사유가 있는지에 관한 증명책임의 소재(=수취 거부를 한 상대방)"
대법원2018두51201,2020.08.20,부당해고구제재심판정취소,"[1] 초ㆍ중등교육법령에 따라 임용된 영어회화 전문강사의 기간제 근로계약이 반복 또는 갱신되어 ‘계속 근로한 총기간’이 4년을 초과한 경우, 기간의 정함이 없는 근로계약을 체결한 근로자로 보아야 하는지 여부(적극)[2] 기간제 근로계약이 반복하여 체결되거나 갱신되어 일정한 공백기 없이 기간제근로자가 계속적으로 근로한 경우, 최초 기간제 근로계약에서부터 최종 기간제근로계약에 이르기까지 기간 전체가 기간제 및 단시간근로자 보호 등에 관한 법률 제4조에서 말하는 기간제근로자의 사용 기간으로서 ‘계속 근로한 총기간’에 포함되는지 여부(원칙적 적극) / ‘계속 근로한 총기간’을 산정할 때 반복 체결되거나 갱신된 시점을 전후한 기간제 근로계약기간을 합산할 수 없는 경우[3] 국가나 지방자치단체가 공공서비스를 위하여 일자리를 제공하는 경우, 기간제 및 단시간근로자 보호 등에 관한 법률 제4조 제1항 단서 제5호, 기간제 및 단시간근로자 보호 등에 관한 법률 시행령 제3조 제2항 제1호에서 기간제근로자 사용 기간 제한의 예외 사유의 하나로 정한 ‘고용정책 기본법, 고용보험법 등 다른법령에 따라 국민의 직업능력 개발, 취업 촉진 및 사회적으로 필요한 서비스 제공등을 위하여 일자리를 제공하는 경우’에 해당하는지 판단하는 방법"
대법원2018두34480,2020.08.20,부당해고구제재심판정취소,"[1] 근로자가 소속 직장의 대표자, 관리자나 동료 등을 수사기관 등에 고소ㆍ고발하거나 진정하는 행위가 징계규정에서 정한 징계사유에 해당하는지 판단하는 기준[2] 노동조합 또는 노동조합의 대표자가 사용자에 의한 조합원들의 단결권 침해를 방지하거나 근로조건에 관한 법령을 준수하도록 하기 위한 목적으로 대체로 사실에 기초하여 사용자 측을 근로기준법이나 노동조합 및 노동관계조정법 위반등으로 수사기관 등에 고소ㆍ고발ㆍ진정한 경우, 이를 이유로 노동조합의 대표자에게 불이익을 줄 수 있는지 여부(원칙적 소극)[3] 근로기준법 제31조에 따라 부당해고구제재심판정을 다투는 소송에서 해고의 정당성에 관한 증명책임의 소재"
대법원2020다227356,2020.08.20,채무부존재확인,"[1] 근저당권자와 근저당권설정자의 행위가 가지는 법적 의미가 분명하지 않은경우, 그 법률관계의 실체를 밝히는 것이 의사표시 해석의 문제인지 여부(적극)및 그 해석 방법[2] 甲이 부친 乙로부터 증여받은 부동산을 乙이 사망한 후 매도하려 하였으나 乙의 형제인 丙등이 ‘위 부동산은 乙이 그 부모인 丁등을 모시는 조건으로 증여받은 것이다’는 이유로 그 처분을 반대하자, 甲이 丁에게 약정금을 지급하기로 하는 합의서를 작성하고 위 부동산에 관하여 丙앞으로 근저당권설정등기를 마쳐주었는데, 위 약정금 채권이 근저당권자인 丙에게 귀속되는지 문제 된 사안에서, 위합의서의 문언 및 작성 경위에 비추어 甲은 丁에 대하여 약정금 채무를 부담할뿐이고 丁의 甲에 대한 약정금 채권이 丙에게 귀속된다고 볼 수 없다고 한 원심판단이 정당하다고 한 사례"
대법원2020다221020,2020.08.20,관리비,"[1] 구 유통산업발전법 제12조 제1항 제3호에서 대규모점포개설자의 업무로 규정하고 있는 ‘그 밖에 대규모점포의 유지ㆍ관리를 위하여 필요한 업무’에 당해 대규모점포의 운영ㆍ관리를 위해 부과되는 관리비 징수가 포함되는지 여부(적극) 및 구 재래시장 및 상점가 육성을 위한 특별법, 구 전통시장 및 상점가 육성을 위한 특별법에 따라 시장관리자로 지정된 경우, 상인들을 상대로 업무수행에 소요되는 경비를 부과ㆍ징수할 수 있는지 여부(적극)[2] 구 전통시장 및 상점가 육성을 위한 특별법 제67조에 따라 시장관리자로 지정되었고, 구 유통산업발전법 제8조 제1항에 따라 대규모점포 개설등록을 마친 甲주식회사의 시장관리 운영규정에서 시장관리 운영업무를 乙상인회가 수행하며, 乙상인회 산하 상가상인회(지회)가 업무 중 일부를 위임 수행할 수 있도록 정하였고, 이에 乙상인회의 지회인 丙운영회가 상가 내 점포 상인들로부터 관리비를 부과ㆍ징수해 왔는데, 丙운영회로부터 탈퇴한 상인인 丁등이 관리비 중 운영회회비 항목에 대하여는 납부의무가 없다고 다투고 있는 사안에서, 丙운영회는 상가 내 점포 상인들로부터 관리비를 부과ㆍ징수할 권한이 있고, 운영회 회비는 관리비에 포함된다고 볼 수 있는데도, 이와 달리 본 원심판결에 법리오해 등의 잘못이 있다고 한 사례"
대법원2019다301623,2020.08.20,부당이득금,[1] 구 국세기본법 제26조의2 제1항 제1호에서 정한 ‘사기 기타 부정한 행위’의 의미 및 단순히 세법상 신고를 하지 않거나 허위의 신고를 한 행위가 이에 해당하는지 여부(소극)[2] 명의를 위장하여 소득을 얻는 행위가 구 국세기본법 제26조의2 제1항 제1호에서 정한 ‘사기 기타 부정한 행위’에 해당하는 경우
대법원2019다296172,2020.08.20,건물명도(인도)ㆍ손해배상(기),"[1] 학교법인이 임차인이 주선한 신규임차인이 되려는 자와 임대차계약을 체결하는 것이 경쟁입찰의 방법으로 임차인을 선정해야 할 법령상 의무를 위반하는 것이 되는 경우, 구 상가건물 임대차보호법 제10조의4 제1항 제4호에서 정한 임대차계약 체결을 거절할 ‘정당한 사유’가 있는 경우에 해당하는지 여부(원칙적 적극)"
대법원2019다14110,2020.08.20,임금ㆍ임금ㆍ임금ㆍ임금,"[1] 어떠한 임금이 통상임금에 속하는지 판단하는 기준[2] 근로계약에서 정한 휴식시간이나 수면시간이 근로시간에 속하는지 휴게시간에 속하는지 판단하는 기준[3] 구 근로기준법 제56조에 따라 휴일근로수당을 지급하여야 하는 휴일근로에 단체협약이나 취업규칙 등에 의하여 휴일로 정하여진 날의 근로가 포함되는지 여부(적극) 및 휴일로 정하였는지 판단하는 기준[4] 근로자가 소 제기 당시 통상임금이 잘못 산정되었음을 전제로 근로기준법상통상임금을 기준으로 지급하여야 하는 법정수당의 일부를 청구하면서 장차 청구금액을 확장할 뜻을 표시하였고, 이후 통상임금에 포함되는 급여 항목을 변경 또는 추가하여 법정수당 청구금액을 확장한 경우, 소멸시효 중단의 효력발생 범위[5] 노사가 정기상여금을 통상임금에서 제외하기로 합의하고 이를 전제로 임금수준을 정한 경우, 근로자가 정기상여금을 통상임금에 포함하여 산정한 추가 법정수당을 청구하는 것이 신의성실의 원칙에 위반되는지 여부 및 근로자의 추가 법정수당 청구가 사용자에게 중대한 경영상의 어려움을 초래하거나 기업의 존립을 위태롭게 하여 신의성실의 원칙에 위반되는지는 신중하고 엄격하게 판단하여야 하는지 여부(적극)[6] 소송촉진 등에 관한 특례법 제3조 제2항에서 정한 ‘채무자가 그 이행의무의 존재 여부나 범위에 관하여 항쟁하는 것이 타당하다고 인정되는 경우’의 의미 및 제1심이 인용한 청구액을 항소심이 그대로 유지한 경우, 피고가 항소심 절차에서 위 인용금액에 대하여 이행의무의 존부와 범위를 다툰 것이 이에 해당하는지 여부(원칙적 소극)"
대법원2019그534,2020.08.20,회생,"[1] 채무자 회생 및 파산에 관한 법률에 의한 회생절차에서 회생채권 추후보완신고 각하결정에 대하여 특별항고가 있어 대법원에 계속 중 회생절차가 종결된 경우, 위 특별항고가 적법한지 여부(소극)"
대법원2018다249148,2020.08.20,이사및감사지위확인,"[1] 주식회사 이사나 감사의 직무집행을 정지하고 직무대행자를 선임하는 가처분결정이 있는 경우, 이사 등의 임기가 당연히 정지되거나 가처분결정이 존속하는 기간만큼 연장되는지 여부(원칙적 소극)[2] 과거의 법률관계가 확인의 소의 대상이 될 수 있는 경우[3] 甲주식회사의 주주들이 법원의 허가를 받아 개최한 주주총회에서 乙이 감사로 선임되었는데도 甲회사가 감사 임용계약의 체결을 거부하자, 乙이 甲회사 를 상대로 감사 지위의 확인을 구하는 소를 제기하여, 소를 제기할 당시는 물론 대법원이 乙의 청구를 받아들이는 취지의 환송판결을 할 당시에도 乙의 감사로서 임기가 남아 있었는데, 환송 후 원심의 심리 도중 乙의 임기가 만료되어 후임 감사가 선임된 사안에서, 종전의 감사 지위 확인 청구가 과거의 법률관계에 대한 확인을 구하는 것이 되었다는 등의 이유만으로 확인의 이익이 없다고 보아 乙의 청구를 부적법 각하한 원심판결에는 법리오해의 잘못이 있다고 한 사례"
대법원2018다241410,2020.08.20,공유물분할ㆍ소유권이전등기,"[1] 甲이 乙을 상대로 제기한 공유물분할청구의 소에 관하여 선고한 원심판결의 주문에서 ‘1. 가. (가), (나) 부분 토지는 乙의 소유로, (다) 부분 토지는 甲의 소유로 각 분할한다. 나. 甲은 乙로부터 가액보상금을 지급받음과 동시에, 乙에게 (가), (나) 부분 토지 중 甲의 지분에 관하여 공유물분할을 원인으로 한 소유권이전등기 절차를 이행하라’고 한 사안에서, 원심판결의 주문 제1의 가항과 나항은 효과 면에서 서로 모순된다고 한 사례[2] 공유물분할청구의 소에서 법원이 등기의무자가 아닌 자를 상대로 등기의 말소절차 이행을 명할 수 있는지 여부(소극)"
대법원2017다260636,2020.08.20,임대차보증금,"[1] 구 도시 및 주거환경정비법 제44조 제1항, 제2항이 정비사업 구역 내의 임차권자 등에게 계약 해지권은 물론, 나아가 사업시행자를 상대로 한 보증금반환청구권까지 인정하는 취지 / 위 조항에서 말하는 ‘정비사업의 시행으로 인하여 임차권의 설정목적을 달성할 수 없다’는 것의 의미[2] 구 도시 및 주거환경정비법상 임차인이 임차권의 설정목적을 달성할 수 없게 되었음을 이유로 같은 법 제44조 제1항, 제2항에 따라 임대차계약을 해지하고 사업시행자를 상대로 보증금반환청구권을 행사할 수 있는 시기(=관리처분계획인가의 고시 이후) / 관리처분계획인가의 고시 이전이라도 정비사업 계획에 따라 사업시행자에 의한 이주절차가 개시되어 실제로 이주가 이루어지는 등 사회통념상임차인에게 임대차관계를 유지하도록 하는 것이 부당하다고 볼 수 있는 특별한 사정이 있는 경우, 임차인이 위 조항에 따라 임대차계약을 해지하고 사업시행자를 상대로 보증금반환청구권을 행사할 수 있는지 여부(적극) 및 이때 임차인이 관리처분계획인가의 고시 이전에 해지권을 행사할 수 있는 특별한 사정이 있는지 판 단하는 방법"
대법원2019다14110,2020.08.20,임금,1. 정기상여금이 통상임금에 포함되는지(적극)2. 생산직 근로자의 근무시간 중 10분 내지 15분의 휴게시간이 근로기준법상 근로시간에 해당하는지(적극)3. 토요일 근로가 휴일근로에 해당하는지(적극)4. 통상임금에 포함되는 개별 급여 항목에 관한 주장을 변경함에 따른 법정수당 청구권의 소멸시효 중단효의 범위(=소 제기 시 청구한 미지급 법정수당 전부)5. 원고들의 청구가 통상임금 소송에서의 신의칙에 위반하는 것인지(소극)
대법원2017두52153,2020.08.20,부당해고구제재심판정취소,1. 영어회화 전문강사가 「기간제 및 단시간근로자 보호 등에 관한 법률」(이하 ‘기간제법’) 제4조 제2항에 따라 기간의 정함이 없는 근로계약을 체결한 근로자로 간주되는 시점2. 기간제법 제4조에서 말하는 ‘계속 근로한 총기간’의 산정 방법
부산고등법원2019나54965,2020.08.19,조합원지위확인,과장급 이상 직원이더라도 노동조합 규정 상 가입대상이고 노조법상 사용자 지위에 있지 않다면 가입을 불승인한 것은 위법
대구고등법원2019나24828,2020.08.19,구상금,일용노동자인 콘크리트공의 월 가동일수를 22일로 인정한 예
